Group,Project,Site,Country,WMO Code,Latitude,Longitude,Altitude,Type of Site,Source of Information,Sample Name,Media Type,Date,Begin of Period,End of Period,Comment,O18,O18 Provider,H2,H2 Provider,H3,H3 Error,H3 Provider,Precipitation,Air Temperature,Vapour Pressure
GNIP,GNIP/M/RU/02,CHERSKIY,RU,2200001,68.75944444,161.3425,30,Precipitation collectors - unknown,"[Partner: Northeast Science Station, Cherskij] [Reference: Welp, L. R., Randerson, J., Finlay, J., Davydov, S., Zimov, G., Davydova, A. and Zimov, S.: A high-resolution time series of oxygen isotopes from the Kolyma River: Implications for the seasonal dynamics of discharge and basin-scale water use, Geophys. Res. Lett., 32(14), L14401, doi:10.1029/2005GL022857, 2005.]",200101,Water - Precipitation - unspecified (not reported),2001-01-15,2001-01-01,2001-01-31,,,,,,,,,10.8,-36.3,
GNIP,GNIP/M/RU/02,CHERSKIY,RU,2200001,68.75944444,161.3425,30,Precipitation collectors - unknown,"[Partner: Northeast Science Station, Cherskij] [Reference: Welp, L. R., Randerson, J., Finlay, J., Davydov, S., Zimov, G., Davydova, A. and Zimov, S.: A high-resolution time series of oxygen isotopes from the Kolyma River: Implications for the seasonal dynamics of discharge and basin-scale water use, Geophys. Res. Lett., 32(14), L14401, doi:10.1029/2005GL022857, 2005.]",200102,Water - Precipitation - unspecified (not reported),2001-02-15,2001-02-01,2001-02-28,,,,,,,,,9.7,-28,
GNIP,GNIP/M/RU/02,CHERSKIY,RU,2200001,68.75944444,161.3425,30,Precipitation collectors - unknown,"[Partner: Northeast Science Station, Cherskij] [Reference: Welp, L. R., Randerson, J., Finlay, J., Davydov, S., Zimov, G., Davydova, A. and Zimov, S.: A high-resolution time series of oxygen isotopes from the Kolyma River: Implications for the seasonal dynamics of discharge and basin-scale water use, Geophys. Res. Lett., 32(14), L14401, doi:10.1029/2005GL022857, 2005.]",200103,Water - Precipitation - unspecified (not reported),2001-03-15,2001-03-01,2001-03-31,,,,,,,,,6.1,-21.3,
GNIP,GNIP/M/RU/02,CHERSKIY,RU,2200001,68.75944444,161.3425,30,Precipitation collectors - unknown,"[Partner: Northeast Science Station, Cherskij] [Reference: Welp, L. R., Randerson, J., Finlay, J., Davydov, S., Zimov, G., Davydova, A. and Zimov, S.: A high-resolution time series of oxygen isotopes from the Kolyma River: Implications for the seasonal dynamics of discharge and basin-scale water use, Geophys. Res. Lett., 32(14), L14401, doi:10.1029/2005GL022857, 2005.]",200104,Water - Precipitation - unspecified (not reported),2001-04-15,2001-04-01,2001-04-30,,,,,,,,,0.4,-10.5,
GNIP,GNIP/M/RU/02,CHERSKIY,RU,2200001,68.75944444,161.3425,30,Precipitation collectors - unknown,"[Partner: Northeast Science Station, Cherskij] [Reference: Welp, L. R., Randerson, J., Finlay, J., Davydov, S., Zimov, G., Davydova, A. and Zimov, S.: A high-resolution time series of oxygen isotopes from the Kolyma River: Implications for the seasonal dynamics of discharge and basin-scale water use, Geophys. Res. Lett., 32(14), L14401, doi:10.1029/2005GL022857, 2005.]",200105,Water - Precipitation - unspecified (not reported),2001-05-15,2001-05-01,2001-05-31,,,,,,,,,16.1,3,
GNIP,GNIP/M/RU/02,CHERSKIY,RU,2200001,68.75944444,161.3425,30,Precipitation collectors - unknown,"[Partner: Northeast Science Station, Cherskij] [Reference: Welp, L. R., Randerson, J., Finlay, J., Davydov, S., Zimov, G., Davydova, A. and Zimov, S.: A high-resolution time series of oxygen isotopes from the Kolyma River: Implications for the seasonal dynamics of discharge and basin-scale water use, Geophys. Res. Lett., 32(14), L14401, doi:10.1029/2005GL022857, 2005.]",200106,Water - Precipitation - unspecified (not reported),2001-06-15,2001-06-01,2001-06-30,,-15.8,California Institute of Technology,,,,,,24.8,9.5,
GNIP,GNIP/M/RU/02,CHERSKIY,RU,2200001,68.75944444,161.3425,30,Precipitation collectors - unknown,"[Partner: Northeast Science Station, Cherskij] [Reference: Welp, L. R., Randerson, J., Finlay, J., Davydov, S., Zimov, G., Davydova, A. and Zimov, S.: A high-resolution time series of oxygen isotopes from the Kolyma River: Implications for the seasonal dynamics of discharge and basin-scale water use, Geophys. Res. Lett., 32(14), L14401, doi:10.1029/2005GL022857, 2005.]",200107,Water - Precipitation - unspecified (not reported),2001-07-15,2001-07-01,2001-07-31,,-22.47,California Institute of Technology,,,,,,9.6,16.3,
GNIP,GNIP/M/RU/02,CHERSKIY,RU,2200001,68.75944444,161.3425,30,Precipitation collectors - unknown,"[Partner: Northeast Science Station, Cherskij] [Reference: Welp, L. R., Randerson, J., Finlay, J., Davydov, S., Zimov, G., Davydova, A. and Zimov, S.: A high-resolution time series of oxygen isotopes from the Kolyma River: Implications for the seasonal dynamics of discharge and basin-scale water use, Geophys. Res. Lett., 32(14), L14401, doi:10.1029/2005GL022857, 2005.]",200108,Water - Precipitation - unspecified (not reported),2001-08-15,2001-08-01,2001-08-31,,-19.92,California Institute of Technology,,,,,,56.7,8.4,
GNIP,GNIP/M/RU/02,CHERSKIY,RU,2200001,68.75944444,161.3425,30,Precipitation collectors - unknown,"[Partner: Northeast Science Station, Cherskij] [Reference: Welp, L. R., Randerson, J., Finlay, J., Davydov, S., Zimov, G., Davydova, A. and Zimov, S.: A high-resolution time series of oxygen isotopes from the Kolyma River: Implications for the seasonal dynamics of discharge and basin-scale water use, Geophys. Res. Lett., 32(14), L14401, doi:10.1029/2005GL022857, 2005.]",200109,Water - Precipitation - unspecified (not reported),2001-09-15,2001-09-01,2001-09-30,,-20.4,California Institute of Technology,,,,,,31.6,1.1,
GNIP,GNIP/M/RU/02,CHERSKIY,RU,2200001,68.75944444,161.3425,30,Precipitation collectors - unknown,"[Partner: Northeast Science Station, Cherskij] [Reference: Welp, L. R., Randerson, J., Finlay, J., Davydov, S., Zimov, G., Davydova, A. and Zimov, S.: A high-resolution time series of oxygen isotopes from the Kolyma River: Implications for the seasonal dynamics of discharge and basin-scale water use, Geophys. Res. Lett., 32(14), L14401, doi:10.1029/2005GL022857, 2005.]",200110,Water - Precipitation - unspecified (not reported),2001-10-15,2001-10-01,2001-10-31,,,,,,,,,18.6,-9.6,
GNIP,GNIP/M/RU/02,CHERSKIY,RU,2200001,68.75944444,161.3425,30,Precipitation collectors - unknown,"[Partner: Northeast Science Station, Cherskij] [Reference: Welp, L. R., Randerson, J., Finlay, J., Davydov, S., Zimov, G., Davydova, A. and Zimov, S.: A high-resolution time series of oxygen isotopes from the Kolyma River: Implications for the seasonal dynamics of discharge and basin-scale water use, Geophys. Res. Lett., 32(14), L14401, doi:10.1029/2005GL022857, 2005.]",200111,Water - Precipitation - unspecified (not reported),2001-11-15,2001-11-01,2001-11-30,,,,,,,,,25.4,-19.5,
GNIP,GNIP/M/RU/02,CHERSKIY,RU,2200001,68.75944444,161.3425,30,Precipitation collectors - unknown,"[Partner: Northeast Science Station, Cherskij] [Reference: Welp, L. R., Randerson, J., Finlay, J., Davydov, S., Zimov, G., Davydova, A. and Zimov, S.: A high-resolution time series of oxygen isotopes from the Kolyma River: Implications for the seasonal dynamics of discharge and basin-scale water use, Geophys. Res. Lett., 32(14), L14401, doi:10.1029/2005GL022857, 2005.]",200112,Water - Precipitation - unspecified (not reported),2001-12-15,2001-12-01,2001-12-31,,,,,,,,,8.4,-32.5,
GNIP,GNIP/M/RU/02,CHERSKIY,RU,2200001,68.75944444,161.3425,30,Precipitation collectors - unknown,"[Partner: Northeast Science Station, Cherskij] [Reference: Welp, L. R., Randerson, J., Finlay, J., Davydov, S., Zimov, G., Davydova, A. and Zimov, S.: A high-resolution time series of oxygen isotopes from the Kolyma River: Implications for the seasonal dynamics of discharge and basin-scale water use, Geophys. Res. Lett., 32(14), L14401, doi:10.1029/2005GL022857, 2005.]",200201,Water - Precipitation - unspecified (not reported),2002-01-15,2002-01-01,2002-01-31,,,,,,,,,12.4,-34.6,
GNIP,GNIP/M/RU/02,CHERSKIY,RU,2200001,68.75944444,161.3425,30,Precipitation collectors - unknown,"[Partner: Northeast Science Station, Cherskij] [Reference: Welp, L. R., Randerson, J., Finlay, J., Davydov, S., Zimov, G., Davydova, A. and Zimov, S.: A high-resolution time series of oxygen isotopes from the Kolyma River: Implications for the seasonal dynamics of discharge and basin-scale water use, Geophys. Res. Lett., 32(14), L14401, doi:10.1029/2005GL022857, 2005.]",200202,Water - Precipitation - unspecified (not reported),2002-02-15,2002-02-01,2002-02-28,,,,,,,,,14.6,-38.3,
GNIP,GNIP/M/RU/02,CHERSKIY,RU,2200001,68.75944444,161.3425,30,Precipitation collectors - unknown,"[Partner: Northeast Science Station, Cherskij] [Reference: Welp, L. R., Randerson, J., Finlay, J., Davydov, S., Zimov, G., Davydova, A. and Zimov, S.: A high-resolution time series of oxygen isotopes from the Kolyma River: Implications for the seasonal dynamics of discharge and basin-scale water use, Geophys. Res. Lett., 32(14), L14401, doi:10.1029/2005GL022857, 2005.]",200203,Water - Precipitation - unspecified (not reported),2002-03-15,2002-03-01,2002-03-31,,,,,,,,,12.7,-12.9,
GNIP,GNIP/M/RU/02,CHERSKIY,RU,2200001,68.75944444,161.3425,30,Precipitation collectors - unknown,"[Partner: Northeast Science Station, Cherskij] [Reference: Welp, L. R., Randerson, J., Finlay, J., Davydov, S., Zimov, G., Davydova, A. and Zimov, S.: A high-resolution time series of oxygen isotopes from the Kolyma River: Implications for the seasonal dynamics of discharge and basin-scale water use, Geophys. Res. Lett., 32(14), L14401, doi:10.1029/2005GL022857, 2005.]",200204,Water - Precipitation - unspecified (not reported),2002-04-15,2002-04-01,2002-04-30,,,,,,,,,11.6,-10,
GNIP,GNIP/M/RU/02,CHERSKIY,RU,2200001,68.75944444,161.3425,30,Precipitation collectors - unknown,"[Partner: Northeast Science Station, Cherskij] [Reference: Welp, L. R., Randerson, J., Finlay, J., Davydov, S., Zimov, G., Davydova, A. and Zimov, S.: A high-resolution time series of oxygen isotopes from the Kolyma River: Implications for the seasonal dynamics of discharge and basin-scale water use, Geophys. Res. Lett., 32(14), L14401, doi:10.1029/2005GL022857, 2005.]",200205,Water - Precipitation - unspecified (not reported),2002-05-15,2002-05-01,2002-05-31,,,,,,,,,6.5,1.9,
GNIP,GNIP/M/RU/02,CHERSKIY,RU,2200001,68.75944444,161.3425,30,Precipitation collectors - unknown,"[Partner: Northeast Science Station, Cherskij] [Reference: Welp, L. R., Randerson, J., Finlay, J., Davydov, S., Zimov, G., Davydova, A. and Zimov, S.: A high-resolution time series of oxygen isotopes from the Kolyma River: Implications for the seasonal dynamics of discharge and basin-scale water use, Geophys. Res. Lett., 32(14), L14401, doi:10.1029/2005GL022857, 2005.]",200206,Water - Precipitation - unspecified (not reported),2002-06-15,2002-06-01,2002-06-30,,,,,,,,,5.6,11.4,
GNIP,GNIP/M/RU/02,CHERSKIY,RU,2200001,68.75944444,161.3425,30,Precipitation collectors - unknown,"[Partner: Northeast Science Station, Cherskij] [Reference: Welp, L. R., Randerson, J., Finlay, J., Davydov, S., Zimov, G., Davydova, A. and Zimov, S.: A high-resolution time series of oxygen isotopes from the Kolyma River: Implications for the seasonal dynamics of discharge and basin-scale water use, Geophys. Res. Lett., 32(14), L14401, doi:10.1029/2005GL022857, 2005.]",200207,Water - Precipitation - unspecified (not reported),2002-07-15,2002-07-01,2002-07-31,,-13.7,California Institute of Technology,,,,,,29.3,12.6,
GNIP,GNIP/M/RU/02,CHERSKIY,RU,2200001,68.75944444,161.3425,30,Precipitation collectors - unknown,"[Partner: Northeast Science Station, Cherskij] [Reference: Welp, L. R., Randerson, J., Finlay, J., Davydov, S., Zimov, G., Davydova, A. and Zimov, S.: A high-resolution time series of oxygen isotopes from the Kolyma River: Implications for the seasonal dynamics of discharge and basin-scale water use, Geophys. Res. Lett., 32(14), L14401, doi:10.1029/2005GL022857, 2005.]",200208,Water - Precipitation - unspecified (not reported),2002-08-15,2002-08-01,2002-08-31,,-15.84,California Institute of Technology,,,,,,16.5,12.3,
GNIP,GNIP/M/RU/02,CHERSKIY,RU,2200001,68.75944444,161.3425,30,Precipitation collectors - unknown,"[Partner: Northeast Science Station, Cherskij] [Reference: Welp, L. R., Randerson, J., Finlay, J., Davydov, S., Zimov, G., Davydova, A. and Zimov, S.: A high-resolution time series of oxygen isotopes from the Kolyma River: Implications for the seasonal dynamics of discharge and basin-scale water use, Geophys. Res. Lett., 32(14), L14401, doi:10.1029/2005GL022857, 2005.]",200209,Water - Precipitation - unspecified (not reported),2002-09-15,2002-09-01,2002-09-30,,-15.61,California Institute of Technology,,,,,,35.1,3.6,
GNIP,GNIP/M/RU/02,CHERSKIY,RU,2200001,68.75944444,161.3425,30,Precipitation collectors - unknown,"[Partner: Northeast Science Station, Cherskij] [Reference: Welp, L. R., Randerson, J., Finlay, J., Davydov, S., Zimov, G., Davydova, A. and Zimov, S.: A high-resolution time series of oxygen isotopes from the Kolyma River: Implications for the seasonal dynamics of discharge and basin-scale water use, Geophys. Res. Lett., 32(14), L14401, doi:10.1029/2005GL022857, 2005.]",200210,Water - Precipitation - unspecified (not reported),2002-10-15,2002-10-01,2002-10-31,,,,,,,,,18.5,-8.1,
GNIP,GNIP/M/RU/02,CHERSKIY,RU,2200001,68.75944444,161.3425,30,Precipitation collectors - unknown,"[Partner: Northeast Science Station, Cherskij] [Reference: Welp, L. R., Randerson, J., Finlay, J., Davydov, S., Zimov, G., Davydova, A. and Zimov, S.: A high-resolution time series of oxygen isotopes from the Kolyma River: Implications for the seasonal dynamics of discharge and basin-scale water use, Geophys. Res. Lett., 32(14), L14401, doi:10.1029/2005GL022857, 2005.]",200211,Water - Precipitation - unspecified (not reported),2002-11-15,2002-11-01,2002-11-30,,,,,,,,,8.6,-21.4,
GNIP,GNIP/M/RU/02,CHERSKIY,RU,2200001,68.75944444,161.3425,30,Precipitation collectors - unknown,"[Partner: Northeast Science Station, Cherskij] [Reference: Welp, L. R., Randerson, J., Finlay, J., Davydov, S., Zimov, G., Davydova, A. and Zimov, S.: A high-resolution time series of oxygen isotopes from the Kolyma River: Implications for the seasonal dynamics of discharge and basin-scale water use, Geophys. Res. Lett., 32(14), L14401, doi:10.1029/2005GL022857, 2005.]",200212,Water - Precipitation - unspecified (not reported),2002-12-15,2002-12-01,2002-12-31,,,,,,,,,22,-30.5,
GNIP,GNIP/M/RU/02,CHERSKIY,RU,2200001,68.75944444,161.3425,30,Precipitation collectors - unknown,"[Partner: Northeast Science Station, Cherskij] [Reference: Welp, L. R., Randerson, J., Finlay, J., Davydov, S., Zimov, G., Davydova, A. and Zimov, S.: A high-resolution time series of oxygen isotopes from the Kolyma River: Implications for the seasonal dynamics of discharge and basin-scale water use, Geophys. Res. Lett., 32(14), L14401, doi:10.1029/2005GL022857, 2005.]",200401,Water - Precipitation - unspecified (not reported),2004-01-15,2004-01-01,2004-01-31,,,,,,,,,14,-28.9,
GNIP,GNIP/M/RU/02,CHERSKIY,RU,2200001,68.75944444,161.3425,30,Precipitation collectors - unknown,"[Partner: Northeast Science Station, Cherskij] [Reference: Welp, L. R., Randerson, J., Finlay, J., Davydov, S., Zimov, G., Davydova, A. and Zimov, S.: A high-resolution time series of oxygen isotopes from the Kolyma River: Implications for the seasonal dynamics of discharge and basin-scale water use, Geophys. Res. Lett., 32(14), L14401, doi:10.1029/2005GL022857, 2005.]",200402,Water - Precipitation - unspecified (not reported),2004-02-15,2004-02-01,2004-02-29,,,,,,,,,1.9,-33.4,
GNIP,GNIP/M/RU/02,CHERSKIY,RU,2200001,68.75944444,161.3425,30,Precipitation collectors - unknown,"[Partner: Northeast Science Station, Cherskij] [Reference: Welp, L. R., Randerson, J., Finlay, J., Davydov, S., Zimov, G., Davydova, A. and Zimov, S.: A high-resolution time series of oxygen isotopes from the Kolyma River: Implications for the seasonal dynamics of discharge and basin-scale water use, Geophys. Res. Lett., 32(14), L14401, doi:10.1029/2005GL022857, 2005.]",200403,Water - Precipitation - unspecified (not reported),2004-03-15,2004-03-01,2004-03-31,,,,,,,,,18.8,-21.2,
GNIP,GNIP/M/RU/02,CHERSKIY,RU,2200001,68.75944444,161.3425,30,Precipitation collectors - unknown,"[Partner: Northeast Science Station, Cherskij] [Reference: Welp, L. R., Randerson, J., Finlay, J., Davydov, S., Zimov, G., Davydova, A. and Zimov, S.: A high-resolution time series of oxygen isotopes from the Kolyma River: Implications for the seasonal dynamics of discharge and basin-scale water use, Geophys. Res. Lett., 32(14), L14401, doi:10.1029/2005GL022857, 2005.]",200404,Water - Precipitation - unspecified (not reported),2004-04-15,2004-04-01,2004-04-30,,,,,,,,,7.2,-14.2,
GNIP,GNIP/M/RU/02,CHERSKIY,RU,2200001,68.75944444,161.3425,30,Precipitation collectors - unknown,"[Partner: Northeast Science Station, Cherskij] [Reference: Welp, L. R., Randerson, J., Finlay, J., Davydov, S., Zimov, G., Davydova, A. and Zimov, S.: A high-resolution time series of oxygen isotopes from the Kolyma River: Implications for the seasonal dynamics of discharge and basin-scale water use, Geophys. Res. Lett., 32(14), L14401, doi:10.1029/2005GL022857, 2005.]",200405,Water - Precipitation - unspecified (not reported),2004-05-15,2004-05-01,2004-05-31,,,,,,,,,6.3,1.1,
GNIP,GNIP/M/RU/02,CHERSKIY,RU,2200001,68.75944444,161.3425,30,Precipitation collectors - unknown,"[Partner: Northeast Science Station, Cherskij] [Reference: Welp, L. R., Randerson, J., Finlay, J., Davydov, S., Zimov, G., Davydova, A. and Zimov, S.: A high-resolution time series of oxygen isotopes from the Kolyma River: Implications for the seasonal dynamics of discharge and basin-scale water use, Geophys. Res. Lett., 32(14), L14401, doi:10.1029/2005GL022857, 2005.]",200406,Water - Precipitation - unspecified (not reported),2004-06-15,2004-06-01,2004-06-30,,-15.55,California Institute of Technology,,,,,,29.9,12.8,
GNIP,GNIP/M/RU/02,CHERSKIY,RU,2200001,68.75944444,161.3425,30,Precipitation collectors - unknown,"[Partner: Northeast Science Station, Cherskij] [Reference: Welp, L. R., Randerson, J., Finlay, J., Davydov, S., Zimov, G., Davydova, A. and Zimov, S.: A high-resolution time series of oxygen isotopes from the Kolyma River: Implications for the seasonal dynamics of discharge and basin-scale water use, Geophys. Res. Lett., 32(14), L14401, doi:10.1029/2005GL022857, 2005.]",200407,Water - Precipitation - unspecified (not reported),2004-07-15,2004-07-01,2004-07-31,,-17.42,California Institute of Technology,,,4.7,1.4,California Institute of Technology,52.9,11.9,
GNIP,GNIP/M/RU/02,CHERSKIY,RU,2200001,68.75944444,161.3425,30,Precipitation collectors - unknown,"[Partner: Northeast Science Station, Cherskij] [Reference: Welp, L. R., Randerson, J., Finlay, J., Davydov, S., Zimov, G., Davydova, A. and Zimov, S.: A high-resolution time series of oxygen isotopes from the Kolyma River: Implications for the seasonal dynamics of discharge and basin-scale water use, Geophys. Res. Lett., 32(14), L14401, doi:10.1029/2005GL022857, 2005.]",200408,Water - Precipitation - unspecified (not reported),2004-08-15,2004-08-01,2004-08-31,,-16.12,California Institute of Technology,,,7.7,1.5,California Institute of Technology,34.1,11.6,
GNIP,GNIP/M/RU/02,CHERSKIY,RU,2200001,68.75944444,161.3425,30,Precipitation collectors - unknown,"[Partner: Northeast Science Station, Cherskij] [Reference: Welp, L. R., Randerson, J., Finlay, J., Davydov, S., Zimov, G., Davydova, A. and Zimov, S.: A high-resolution time series of oxygen isotopes from the Kolyma River: Implications for the seasonal dynamics of discharge and basin-scale water use, Geophys. Res. Lett., 32(14), L14401, doi:10.1029/2005GL022857, 2005.]",200409,Water - Precipitation - unspecified (not reported),2004-09-15,2004-09-01,2004-09-30,,-16.12,California Institute of Technology,,,7.4,1.5,California Institute of Technology,8.4,4.8,
GNIP,GNIP/M/RU/02,CHERSKIY,RU,2200001,68.75944444,161.3425,30,Precipitation collectors - unknown,"[Partner: Northeast Science Station, Cherskij] [Reference: Welp, L. R., Randerson, J., Finlay, J., Davydov, S., Zimov, G., Davydova, A. and Zimov, S.: A high-resolution time series of oxygen isotopes from the Kolyma River: Implications for the seasonal dynamics of discharge and basin-scale water use, Geophys. Res. Lett., 32(14), L14401, doi:10.1029/2005GL022857, 2005.]",200410,Water - Precipitation - unspecified (not reported),2004-10-15,2004-10-01,2004-10-31,,,,,,10.4,1.6,California Institute of Technology,68.9,-11.9,
GNIP,GNIP/M/RU/02,CHERSKIY,RU,2200001,68.75944444,161.3425,30,Precipitation collectors - unknown,"[Partner: Northeast Science Station, Cherskij] [Reference: Welp, L. R., Randerson, J., Finlay, J., Davydov, S., Zimov, G., Davydova, A. and Zimov, S.: A high-resolution time series of oxygen isotopes from the Kolyma River: Implications for the seasonal dynamics of discharge and basin-scale water use, Geophys. Res. Lett., 32(14), L14401, doi:10.1029/2005GL022857, 2005.]",200411,Water - Precipitation - unspecified (not reported),2004-11-15,2004-11-01,2004-11-30,,,,,,15.3,1.4,California Institute of Technology,37.7,-23.8,
GNIP,GNIP/M/RU/02,CHERSKIY,RU,2200001,68.75944444,161.3425,30,Precipitation collectors - unknown,"[Partner: Northeast Science Station, Cherskij] [Reference: Welp, L. R., Randerson, J., Finlay, J., Davydov, S., Zimov, G., Davydova, A. and Zimov, S.: A high-resolution time series of oxygen isotopes from the Kolyma River: Implications for the seasonal dynamics of discharge and basin-scale water use, Geophys. Res. Lett., 32(14), L14401, doi:10.1029/2005GL022857, 2005.]",200412,Water - Precipitation - unspecified (not reported),2004-12-15,2004-12-01,2004-12-31,,,,,,13.5,1.3,California Institute of Technology,11.3,-34.8,
GNIP,GNIP/M/RU/02,CHERSKIY,RU,2200001,68.75944444,161.3425,30,Precipitation collectors - unknown,"[Partner: Northeast Science Station, Cherskij] [Reference: Welp, L. R., Randerson, J., Finlay, J., Davydov, S., Zimov, G., Davydova, A. and Zimov, S.: A high-resolution time series of oxygen isotopes from the Kolyma River: Implications for the seasonal dynamics of discharge and basin-scale water use, Geophys. Res. Lett., 32(14), L14401, doi:10.1029/2005GL022857, 2005.]",200301,Water - Precipitation - unspecified (not reported),2003-01-15,2003-01-01,2003-01-13,,,,,,12,1.3,California Institute of Technology,19.4,-28.5,
GNIP,GNIP/M/RU/02,CHERSKIY,RU,2200001,68.75944444,161.3425,30,Precipitation collectors - unknown,"[Partner: Northeast Science Station, Cherskij] [Reference: Welp, L. R., Randerson, J., Finlay, J., Davydov, S., Zimov, G., Davydova, A. and Zimov, S.: A high-resolution time series of oxygen isotopes from the Kolyma River: Implications for the seasonal dynamics of discharge and basin-scale water use, Geophys. Res. Lett., 32(14), L14401, doi:10.1029/2005GL022857, 2005.]",200302,Water - Precipitation - unspecified (not reported),2003-02-15,2003-02-01,2003-02-13,,,,,,10.2,1.2,California Institute of Technology,3.4,-30.3,
GNIP,GNIP/M/RU/02,CHERSKIY,RU,2200001,68.75944444,161.3425,30,Precipitation collectors - unknown,"[Partner: Northeast Science Station, Cherskij] [Reference: Welp, L. R., Randerson, J., Finlay, J., Davydov, S., Zimov, G., Davydova, A. and Zimov, S.: A high-resolution time series of oxygen isotopes from the Kolyma River: Implications for the seasonal dynamics of discharge and basin-scale water use, Geophys. Res. Lett., 32(14), L14401, doi:10.1029/2005GL022857, 2005.]",200303,Water - Precipitation - unspecified (not reported),2003-03-15,2003-03-01,2003-03-13,,,,,,8.2,1,California Institute of Technology,4.9,-19.4,
GNIP,GNIP/M/RU/02,CHERSKIY,RU,2200001,68.75944444,161.3425,30,Precipitation collectors - unknown,"[Partner: Northeast Science Station, Cherskij] [Reference: Welp, L. R., Randerson, J., Finlay, J., Davydov, S., Zimov, G., Davydova, A. and Zimov, S.: A high-resolution time series of oxygen isotopes from the Kolyma River: Implications for the seasonal dynamics of discharge and basin-scale water use, Geophys. Res. Lett., 32(14), L14401, doi:10.1029/2005GL022857, 2005.]",200304,Water - Precipitation - unspecified (not reported),2003-04-15,2003-04-01,2003-04-13,,-21.69,California Institute of Technology,,,8,0.9,California Institute of Technology,8.2,-14.8,
GNIP,GNIP/M/RU/02,CHERSKIY,RU,2200001,68.75944444,161.3425,30,Precipitation collectors - unknown,"[Partner: Northeast Science Station, Cherskij] [Reference: Welp, L. R., Randerson, J., Finlay, J., Davydov, S., Zimov, G., Davydova, A. and Zimov, S.: A high-resolution time series of oxygen isotopes from the Kolyma River: Implications for the seasonal dynamics of discharge and basin-scale water use, Geophys. Res. Lett., 32(14), L14401, doi:10.1029/2005GL022857, 2005.]",200305,Water - Precipitation - unspecified (not reported),2003-05-15,2003-05-01,2003-05-13,,-15.35,California Institute of Technology,,,9.1,1,California Institute of Technology,11.1,2.3,
GNIP,GNIP/M/RU/02,CHERSKIY,RU,2200001,68.75944444,161.3425,30,Precipitation collectors - unknown,"[Partner: Northeast Science Station, Cherskij] [Reference: Welp, L. R., Randerson, J., Finlay, J., Davydov, S., Zimov, G., Davydova, A. and Zimov, S.: A high-resolution time series of oxygen isotopes from the Kolyma River: Implications for the seasonal dynamics of discharge and basin-scale water use, Geophys. Res. Lett., 32(14), L14401, doi:10.1029/2005GL022857, 2005.]",200306,Water - Precipitation - unspecified (not reported),2003-06-15,2003-06-01,2003-06-13,,-16.29,California Institute of Technology,,,7.4,0.9,California Institute of Technology,25.8,9.8,
GNIP,GNIP/M/RU/02,CHERSKIY,RU,2200001,68.75944444,161.3425,30,Precipitation collectors - unknown,"[Partner: Northeast Science Station, Cherskij] [Reference: Welp, L. R., Randerson, J., Finlay, J., Davydov, S., Zimov, G., Davydova, A. and Zimov, S.: A high-resolution time series of oxygen isotopes from the Kolyma River: Implications for the seasonal dynamics of discharge and basin-scale water use, Geophys. Res. Lett., 32(14), L14401, doi:10.1029/2005GL022857, 2005.]",200307,Water - Precipitation - unspecified (not reported),2003-07-15,2003-07-01,2003-07-13,,-16.56,California Institute of Technology,,,,,,29,14.8,
GNIP,GNIP/M/RU/02,CHERSKIY,RU,2200001,68.75944444,161.3425,30,Precipitation collectors - unknown,"[Partner: Northeast Science Station, Cherskij] [Reference: Welp, L. R., Randerson, J., Finlay, J., Davydov, S., Zimov, G., Davydova, A. and Zimov, S.: A high-resolution time series of oxygen isotopes from the Kolyma River: Implications for the seasonal dynamics of discharge and basin-scale water use, Geophys. Res. Lett., 32(14), L14401, doi:10.1029/2005GL022857, 2005.]",200308,Water - Precipitation - unspecified (not reported),2003-08-15,2003-08-01,2003-08-13,,-16.99,California Institute of Technology,,,,,,9.6,11.3,
GNIP,GNIP/M/RU/02,CHERSKIY,RU,2200001,68.75944444,161.3425,30,Precipitation collectors - unknown,"[Partner: Northeast Science Station, Cherskij] [Reference: Welp, L. R., Randerson, J., Finlay, J., Davydov, S., Zimov, G., Davydova, A. and Zimov, S.: A high-resolution time series of oxygen isotopes from the Kolyma River: Implications for the seasonal dynamics of discharge and basin-scale water use, Geophys. Res. Lett., 32(14), L14401, doi:10.1029/2005GL022857, 2005.]",200309,Water - Precipitation - unspecified (not reported),2003-09-15,2003-09-01,2003-09-13,,,,,,,,,23.8,6.8,
GNIP,GNIP/M/RU/02,CHERSKIY,RU,2200001,68.75944444,161.3425,30,Precipitation collectors - unknown,"[Partner: Northeast Science Station, Cherskij] [Reference: Welp, L. R., Randerson, J., Finlay, J., Davydov, S., Zimov, G., Davydova, A. and Zimov, S.: A high-resolution time series of oxygen isotopes from the Kolyma River: Implications for the seasonal dynamics of discharge and basin-scale water use, Geophys. Res. Lett., 32(14), L14401, doi:10.1029/2005GL022857, 2005.]",200310,Water - Precipitation - unspecified (not reported),2003-10-15,2003-10-01,2003-10-13,,,,,,,,,29.9,-5.7,
GNIP,GNIP/M/RU/02,CHERSKIY,RU,2200001,68.75944444,161.3425,30,Precipitation collectors - unknown,"[Partner: Northeast Science Station, Cherskij] [Reference: Welp, L. R., Randerson, J., Finlay, J., Davydov, S., Zimov, G., Davydova, A. and Zimov, S.: A high-resolution time series of oxygen isotopes from the Kolyma River: Implications for the seasonal dynamics of discharge and basin-scale water use, Geophys. Res. Lett., 32(14), L14401, doi:10.1029/2005GL022857, 2005.]",200311,Water - Precipitation - unspecified (not reported),2003-11-15,2003-11-01,2003-11-13,,,,,,,,,13.5,-20.9,
GNIP,GNIP/M/RU/02,CHERSKIY,RU,2200001,68.75944444,161.3425,30,Precipitation collectors - unknown,"[Partner: Northeast Science Station, Cherskij] [Reference: Welp, L. R., Randerson, J., Finlay, J., Davydov, S., Zimov, G., Davydova, A. and Zimov, S.: A high-resolution time series of oxygen isotopes from the Kolyma River: Implications for the seasonal dynamics of discharge and basin-scale water use, Geophys. Res. Lett., 32(14), L14401, doi:10.1029/2005GL022857, 2005.]",200312,Water - Precipitation - unspecified (not reported),2003-12-15,2003-12-01,2003-12-13,,,,,,,,,22.9,-31.1,
GNIP,GNIP/M/RU/02,CHERSKIY,RU,2200001,68.75944444,161.3425,30,Precipitation collectors - unknown,"[Partner: Northeast Science Station, Cherskij] [Reference: Welp, L. R., Randerson, J., Finlay, J., Davydov, S., Zimov, G., Davydova, A. and Zimov, S.: A high-resolution time series of oxygen isotopes from the Kolyma River: Implications for the seasonal dynamics of discharge and basin-scale water use, Geophys. Res. Lett., 32(14), L14401, doi:10.1029/2005GL022857, 2005.]",200501,Water - Precipitation - unspecified (not reported),2005-01-15,2005-01-01,2005-01-31,,,,,,,,,20.7,-36.4,
GNIP,GNIP/M/RU/02,CHERSKIY,RU,2200001,68.75944444,161.3425,30,Precipitation collectors - unknown,"[Partner: Northeast Science Station, Cherskij] [Reference: Welp, L. R., Randerson, J., Finlay, J., Davydov, S., Zimov, G., Davydova, A. and Zimov, S.: A high-resolution time series of oxygen isotopes from the Kolyma River: Implications for the seasonal dynamics of discharge and basin-scale water use, Geophys. Res. Lett., 32(14), L14401, doi:10.1029/2005GL022857, 2005.]",200502,Water - Precipitation - unspecified (not reported),2005-02-15,2005-02-01,2005-02-28,,,,,,,,,8.2,-34.5,
GNIP,GNIP/M/RU/02,CHERSKIY,RU,2200001,68.75944444,161.3425,30,Precipitation collectors - unknown,"[Partner: Northeast Science Station, Cherskij] [Reference: Welp, L. R., Randerson, J., Finlay, J., Davydov, S., Zimov, G., Davydova, A. and Zimov, S.: A high-resolution time series of oxygen isotopes from the Kolyma River: Implications for the seasonal dynamics of discharge and basin-scale water use, Geophys. Res. Lett., 32(14), L14401, doi:10.1029/2005GL022857, 2005.]",200503,Water - Precipitation - unspecified (not reported),2005-03-15,2005-03-01,2005-03-31,,,,,,,,,3.5,-20.7,
GNIP,GNIP/M/RU/02,CHERSKIY,RU,2200001,68.75944444,161.3425,30,Precipitation collectors - unknown,"[Partner: Northeast Science Station, Cherskij] [Reference: Welp, L. R., Randerson, J., Finlay, J., Davydov, S., Zimov, G., Davydova, A. and Zimov, S.: A high-resolution time series of oxygen isotopes from the Kolyma River: Implications for the seasonal dynamics of discharge and basin-scale water use, Geophys. Res. Lett., 32(14), L14401, doi:10.1029/2005GL022857, 2005.]",200504,Water - Precipitation - unspecified (not reported),2005-04-15,2005-04-01,2005-04-30,,,,,,,,,0.4,-11.9,
GNIP,GNIP/M/RU/02,CHERSKIY,RU,2200001,68.75944444,161.3425,30,Precipitation collectors - unknown,"[Partner: Northeast Science Station, Cherskij] [Reference: Welp, L. R., Randerson, J., Finlay, J., Davydov, S., Zimov, G., Davydova, A. and Zimov, S.: A high-resolution time series of oxygen isotopes from the Kolyma River: Implications for the seasonal dynamics of discharge and basin-scale water use, Geophys. Res. Lett., 32(14), L14401, doi:10.1029/2005GL022857, 2005.]",200505,Water - Precipitation - unspecified (not reported),2005-05-15,2005-05-01,2005-05-31,,,,,,,,,20.5,0.1,
GNIP,GNIP/M/RU/02,CHERSKIY,RU,2200001,68.75944444,161.3425,30,Precipitation collectors - unknown,"[Partner: Northeast Science Station, Cherskij] [Reference: Welp, L. R., Randerson, J., Finlay, J., Davydov, S., Zimov, G., Davydova, A. and Zimov, S.: A high-resolution time series of oxygen isotopes from the Kolyma River: Implications for the seasonal dynamics of discharge and basin-scale water use, Geophys. Res. Lett., 32(14), L14401, doi:10.1029/2005GL022857, 2005.]",200506,Water - Precipitation - unspecified (not reported),2005-06-15,2005-06-01,2005-06-30,,,,,,,,,17.1,14.2,
GNIP,GNIP/M/RU/02,CHERSKIY,RU,2200001,68.75944444,161.3425,30,Precipitation collectors - unknown,"[Partner: Northeast Science Station, Cherskij] [Reference: Welp, L. R., Randerson, J., Finlay, J., Davydov, S., Zimov, G., Davydova, A. and Zimov, S.: A high-resolution time series of oxygen isotopes from the Kolyma River: Implications for the seasonal dynamics of discharge and basin-scale water use, Geophys. Res. Lett., 32(14), L14401, doi:10.1029/2005GL022857, 2005.]",200507,Water - Precipitation - unspecified (not reported),2005-07-15,2005-07-01,2005-07-31,,,,,,,,,15.6,15.4,
GNIP,GNIP/M/RU/02,CHERSKIY,RU,2200001,68.75944444,161.3425,30,Precipitation collectors - unknown,"[Partner: Northeast Science Station, Cherskij] [Reference: Welp, L. R., Randerson, J., Finlay, J., Davydov, S., Zimov, G., Davydova, A. and Zimov, S.: A high-resolution time series of oxygen isotopes from the Kolyma River: Implications for the seasonal dynamics of discharge and basin-scale water use, Geophys. Res. Lett., 32(14), L14401, doi:10.1029/2005GL022857, 2005.]",200508,Water - Precipitation - rain,2005-08-15,2005-08-01,2005-08-31,,-19.32,International Atomic Energy Agency,-150.46,International Atomic Energy Agency,,,,45.7,11.5,
GNIP,GNIP/M/RU/02,CHERSKIY,RU,2200001,68.75944444,161.3425,30,Precipitation collectors - unknown,"[Partner: Northeast Science Station, Cherskij] [Reference: Welp, L. R., Randerson, J., Finlay, J., Davydov, S., Zimov, G., Davydova, A. and Zimov, S.: A high-resolution time series of oxygen isotopes from the Kolyma River: Implications for the seasonal dynamics of discharge and basin-scale water use, Geophys. Res. Lett., 32(14), L14401, doi:10.1029/2005GL022857, 2005.]",200509,Water - Precipitation - rain,2005-09-15,2005-09-01,2005-09-30,,-16.69,International Atomic Energy Agency,-125.31,International Atomic Energy Agency,,,,27.8,2.7,
GNIP,GNIP/M/RU/02,CHERSKIY,RU,2200001,68.75944444,161.3425,30,Precipitation collectors - unknown,"[Partner: Northeast Science Station, Cherskij] [Reference: Welp, L. R., Randerson, J., Finlay, J., Davydov, S., Zimov, G., Davydova, A. and Zimov, S.: A high-resolution time series of oxygen isotopes from the Kolyma River: Implications for the seasonal dynamics of discharge and basin-scale water use, Geophys. Res. Lett., 32(14), L14401, doi:10.1029/2005GL022857, 2005.]",200510,"Water - Precipitation - rain & snow (""mixed"")",2005-10-15,2005-10-01,2005-10-31,,-19.64,International Atomic Energy Agency,-149.17,International Atomic Energy Agency,,,,56.3,-7.3,
GNIP,GNIP/M/RU/02,CHERSKIY,RU,2200001,68.75944444,161.3425,30,Precipitation collectors - unknown,"[Partner: Northeast Science Station, Cherskij] [Reference: Welp, L. R., Randerson, J., Finlay, J., Davydov, S., Zimov, G., Davydova, A. and Zimov, S.: A high-resolution time series of oxygen isotopes from the Kolyma River: Implications for the seasonal dynamics of discharge and basin-scale water use, Geophys. Res. Lett., 32(14), L14401, doi:10.1029/2005GL022857, 2005.]",200511,Water - Precipitation - snow,2005-11-15,2005-11-01,2005-11-30,,-27.12,International Atomic Energy Agency,-197.4,International Atomic Energy Agency,,,,7.9,-19.8,
GNIP,GNIP/M/RU/02,CHERSKIY,RU,2200001,68.75944444,161.3425,30,Precipitation collectors - unknown,"[Partner: Northeast Science Station, Cherskij] [Reference: Welp, L. R., Randerson, J., Finlay, J., Davydov, S., Zimov, G., Davydova, A. and Zimov, S.: A high-resolution time series of oxygen isotopes from the Kolyma River: Implications for the seasonal dynamics of discharge and basin-scale water use, Geophys. Res. Lett., 32(14), L14401, doi:10.1029/2005GL022857, 2005.]",200512,Water - Precipitation - snow,2005-12-15,2005-12-01,2005-12-31,,-31.26,International Atomic Energy Agency,-228.42,International Atomic Energy Agency,,,,13.7,-30.5,
GNIP,GNIP/M/RU/02,CHERSKIY,RU,2200001,68.75944444,161.3425,30,Precipitation collectors - unknown,"[Partner: Northeast Science Station, Cherskij] [Reference: Welp, L. R., Randerson, J., Finlay, J., Davydov, S., Zimov, G., Davydova, A. and Zimov, S.: A high-resolution time series of oxygen isotopes from the Kolyma River: Implications for the seasonal dynamics of discharge and basin-scale water use, Geophys. Res. Lett., 32(14), L14401, doi:10.1029/2005GL022857, 2005.]",200601,"Water - Precipitation - rain & snow (""mixed"")",2006-01-15,2006-01-01,2006-01-31,,-38.18,International Atomic Energy Agency,-291.9,International Atomic Energy Agency,,,,7.8,-35.9,
GNIP,GNIP/M/RU/02,CHERSKIY,RU,2200001,68.75944444,161.3425,30,Precipitation collectors - unknown,"[Partner: Northeast Science Station, Cherskij] [Reference: Welp, L. R., Randerson, J., Finlay, J., Davydov, S., Zimov, G., Davydova, A. and Zimov, S.: A high-resolution time series of oxygen isotopes from the Kolyma River: Implications for the seasonal dynamics of discharge and basin-scale water use, Geophys. Res. Lett., 32(14), L14401, doi:10.1029/2005GL022857, 2005.]",200602,"Water - Precipitation - rain & snow (""mixed"")",2006-02-15,2006-02-01,2006-02-28,,-30.24,International Atomic Energy Agency,-231.54,International Atomic Energy Agency,,,,41.7,-30.1,
GNIP,GNIP/M/RU/02,CHERSKIY,RU,2200001,68.75944444,161.3425,30,Precipitation collectors - unknown,"[Partner: Northeast Science Station, Cherskij] [Reference: Welp, L. R., Randerson, J., Finlay, J., Davydov, S., Zimov, G., Davydova, A. and Zimov, S.: A high-resolution time series of oxygen isotopes from the Kolyma River: Implications for the seasonal dynamics of discharge and basin-scale water use, Geophys. Res. Lett., 32(14), L14401, doi:10.1029/2005GL022857, 2005.]",200603,"Water - Precipitation - rain & snow (""mixed"")",2006-03-15,2006-03-01,2006-03-31,,-32.52,International Atomic Energy Agency,-259.01,International Atomic Energy Agency,,,,13.5,-22.8,
GNIP,GNIP/M/RU/02,CHERSKIY,RU,2200001,68.75944444,161.3425,30,Precipitation collectors - unknown,"[Partner: Northeast Science Station, Cherskij] [Reference: Welp, L. R., Randerson, J., Finlay, J., Davydov, S., Zimov, G., Davydova, A. and Zimov, S.: A high-resolution time series of oxygen isotopes from the Kolyma River: Implications for the seasonal dynamics of discharge and basin-scale water use, Geophys. Res. Lett., 32(14), L14401, doi:10.1029/2005GL022857, 2005.]",200604,"Water - Precipitation - rain & snow (""mixed"")",2006-04-15,2006-04-01,2006-04-30,,-30.07,International Atomic Energy Agency,-238.33,International Atomic Energy Agency,,,,9.4,-20.6,
GNIP,GNIP/M/RU/02,CHERSKIY,RU,2200001,68.75944444,161.3425,30,Precipitation collectors - unknown,"[Partner: Northeast Science Station, Cherskij] [Reference: Welp, L. R., Randerson, J., Finlay, J., Davydov, S., Zimov, G., Davydova, A. and Zimov, S.: A high-resolution time series of oxygen isotopes from the Kolyma River: Implications for the seasonal dynamics of discharge and basin-scale water use, Geophys. Res. Lett., 32(14), L14401, doi:10.1029/2005GL022857, 2005.]",200605,"Water - Precipitation - rain & snow (""mixed"")",2006-05-15,2006-05-01,2006-05-31,,-22.67,International Atomic Energy Agency,-181.21,International Atomic Energy Agency,,,,16.3,0.1,
GNIP,GNIP/M/RU/02,CHERSKIY,RU,2200001,68.75944444,161.3425,30,Precipitation collectors - unknown,"[Partner: Northeast Science Station, Cherskij] [Reference: Welp, L. R., Randerson, J., Finlay, J., Davydov, S., Zimov, G., Davydova, A. and Zimov, S.: A high-resolution time series of oxygen isotopes from the Kolyma River: Implications for the seasonal dynamics of discharge and basin-scale water use, Geophys. Res. Lett., 32(14), L14401, doi:10.1029/2005GL022857, 2005.]",200606,"Water - Precipitation - rain & snow (""mixed"")",2006-06-15,2006-06-01,2006-06-30,,-20.76,International Atomic Energy Agency,-161.89,International Atomic Energy Agency,19.6,1.28,International Atomic Energy Agency,40.3,8.5,
GNIP,GNIP/M/RU/02,CHERSKIY,RU,2200001,68.75944444,161.3425,30,Precipitation collectors - unknown,"[Partner: Northeast Science Station, Cherskij] [Reference: Welp, L. R., Randerson, J., Finlay, J., Davydov, S., Zimov, G., Davydova, A. and Zimov, S.: A high-resolution time series of oxygen isotopes from the Kolyma River: Implications for the seasonal dynamics of discharge and basin-scale water use, Geophys. Res. Lett., 32(14), L14401, doi:10.1029/2005GL022857, 2005.]",200607,"Water - Precipitation - rain & snow (""mixed"")",2006-07-15,2006-07-01,2006-07-31,,-18.22,International Atomic Energy Agency,-141.86,International Atomic Energy Agency,20.94,1.4,International Atomic Energy Agency,50.6,12.4,
GNIP,GNIP/M/RU/02,CHERSKIY,RU,2200001,68.75944444,161.3425,30,Precipitation collectors - unknown,"[Partner: Northeast Science Station, Cherskij] [Reference: Welp, L. R., Randerson, J., Finlay, J., Davydov, S., Zimov, G., Davydova, A. and Zimov, S.: A high-resolution time series of oxygen isotopes from the Kolyma River: Implications for the seasonal dynamics of discharge and basin-scale water use, Geophys. Res. Lett., 32(14), L14401, doi:10.1029/2005GL022857, 2005.]",200608,"Water - Precipitation - rain & snow (""mixed"")",2006-08-15,2006-08-01,2006-08-31,,-15.88,International Atomic Energy Agency,-126.31,International Atomic Energy Agency,20.39,1.24,International Atomic Energy Agency,31.2,10.6,
GNIP,GNIP/M/RU/02,CHERSKIY,RU,2200001,68.75944444,161.3425,30,Precipitation collectors - unknown,"[Partner: Northeast Science Station, Cherskij] [Reference: Welp, L. R., Randerson, J., Finlay, J., Davydov, S., Zimov, G., Davydova, A. and Zimov, S.: A high-resolution time series of oxygen isotopes from the Kolyma River: Implications for the seasonal dynamics of discharge and basin-scale water use, Geophys. Res. Lett., 32(14), L14401, doi:10.1029/2005GL022857, 2005.]",200609,"Water - Precipitation - rain & snow (""mixed"")",2006-09-15,2006-09-01,2006-09-30,,-19.78,International Atomic Energy Agency,-150.22,International Atomic Energy Agency,13.61,1.1,International Atomic Energy Agency,35.5,4.7,
GNIP,GNIP/M/RU/02,CHERSKIY,RU,2200001,68.75944444,161.3425,30,Precipitation collectors - unknown,"[Partner: Northeast Science Station, Cherskij] [Reference: Welp, L. R., Randerson, J., Finlay, J., Davydov, S., Zimov, G., Davydova, A. and Zimov, S.: A high-resolution time series of oxygen isotopes from the Kolyma River: Implications for the seasonal dynamics of discharge and basin-scale water use, Geophys. Res. Lett., 32(14), L14401, doi:10.1029/2005GL022857, 2005.]",200610,"Water - Precipitation - rain & snow (""mixed"")",2006-10-15,2006-10-01,2006-10-31,,-23.73,International Atomic Energy Agency,-183.39,International Atomic Energy Agency,9.21,1.18,International Atomic Energy Agency,36.3,-6.9,
GNIP,GNIP/M/RU/02,CHERSKIY,RU,2200001,68.75944444,161.3425,30,Precipitation collectors - unknown,"[Partner: Northeast Science Station, Cherskij] [Reference: Welp, L. R., Randerson, J., Finlay, J., Davydov, S., Zimov, G., Davydova, A. and Zimov, S.: A high-resolution time series of oxygen isotopes from the Kolyma River: Implications for the seasonal dynamics of discharge and basin-scale water use, Geophys. Res. Lett., 32(14), L14401, doi:10.1029/2005GL022857, 2005.]",200611,"Water - Precipitation - rain & snow (""mixed"")",2006-11-15,2006-11-01,2006-11-30,,-21.67,International Atomic Energy Agency,-172.78,International Atomic Energy Agency,,,,18.6,-11.6,
GNIP,GNIP/M/RU/02,CHERSKIY,RU,2200001,68.75944444,161.3425,30,Precipitation collectors - unknown,"[Partner: Northeast Science Station, Cherskij] [Reference: Welp, L. R., Randerson, J., Finlay, J., Davydov, S., Zimov, G., Davydova, A. and Zimov, S.: A high-resolution time series of oxygen isotopes from the Kolyma River: Implications for the seasonal dynamics of discharge and basin-scale water use, Geophys. Res. Lett., 32(14), L14401, doi:10.1029/2005GL022857, 2005.]",200612,"Water - Precipitation - rain & snow (""mixed"")",2006-12-15,2006-12-01,2006-12-31,,-35.98,International Atomic Energy Agency,-277.02,International Atomic Energy Agency,,,,20.9,-32,
GNIP,GNIP/M/RU/02,CHERSKIY,RU,2200001,68.75944444,161.3425,30,Precipitation collectors - unknown,"[Partner: Northeast Science Station, Cherskij] [Reference: Welp, L. R., Randerson, J., Finlay, J., Davydov, S., Zimov, G., Davydova, A. and Zimov, S.: A high-resolution time series of oxygen isotopes from the Kolyma River: Implications for the seasonal dynamics of discharge and basin-scale water use, Geophys. Res. Lett., 32(14), L14401, doi:10.1029/2005GL022857, 2005.]",200701,Water - Precipitation - rain,2007-01-15,2007-01-01,2007-01-31,,-29.2,International Atomic Energy Agency,-226.7,International Atomic Energy Agency,,,,12.3,-32.8,
GNIP,GNIP/M/RU/02,CHERSKIY,RU,2200001,68.75944444,161.3425,30,Precipitation collectors - unknown,"[Partner: Northeast Science Station, Cherskij] [Reference: Welp, L. R., Randerson, J., Finlay, J., Davydov, S., Zimov, G., Davydova, A. and Zimov, S.: A high-resolution time series of oxygen isotopes from the Kolyma River: Implications for the seasonal dynamics of discharge and basin-scale water use, Geophys. Res. Lett., 32(14), L14401, doi:10.1029/2005GL022857, 2005.]",200702,Water - Precipitation - rain,2007-02-15,2007-02-01,2007-02-28,,,,,,,,,9.1,-28,
GNIP,GNIP/M/RU/02,CHERSKIY,RU,2200001,68.75944444,161.3425,30,Precipitation collectors - unknown,"[Partner: Northeast Science Station, Cherskij] [Reference: Welp, L. R., Randerson, J., Finlay, J., Davydov, S., Zimov, G., Davydova, A. and Zimov, S.: A high-resolution time series of oxygen isotopes from the Kolyma River: Implications for the seasonal dynamics of discharge and basin-scale water use, Geophys. Res. Lett., 32(14), L14401, doi:10.1029/2005GL022857, 2005.]",200703,Water - Precipitation - rain,2007-03-15,2007-03-01,2007-03-31,,-29.06,International Atomic Energy Agency,-234.26,International Atomic Energy Agency,,,,15,-21.2,
GNIP,GNIP/M/RU/02,CHERSKIY,RU,2200001,68.75944444,161.3425,30,Precipitation collectors - unknown,"[Partner: Northeast Science Station, Cherskij] [Reference: Welp, L. R., Randerson, J., Finlay, J., Davydov, S., Zimov, G., Davydova, A. and Zimov, S.: A high-resolution time series of oxygen isotopes from the Kolyma River: Implications for the seasonal dynamics of discharge and basin-scale water use, Geophys. Res. Lett., 32(14), L14401, doi:10.1029/2005GL022857, 2005.]",200704,Water - Precipitation - rain,2007-04-15,2007-04-01,2007-04-30,,,,,,,,,10.1,-11.6,
GNIP,GNIP/M/RU/02,CHERSKIY,RU,2200001,68.75944444,161.3425,30,Precipitation collectors - unknown,"[Partner: Northeast Science Station, Cherskij] [Reference: Welp, L. R., Randerson, J., Finlay, J., Davydov, S., Zimov, G., Davydova, A. and Zimov, S.: A high-resolution time series of oxygen isotopes from the Kolyma River: Implications for the seasonal dynamics of discharge and basin-scale water use, Geophys. Res. Lett., 32(14), L14401, doi:10.1029/2005GL022857, 2005.]",200705,Water - Precipitation - rain,2007-05-15,2007-05-01,2007-05-31,,,,,,,,,1.4,4.2,
GNIP,GNIP/M/RU/02,CHERSKIY,RU,2200001,68.75944444,161.3425,30,Precipitation collectors - unknown,"[Partner: Northeast Science Station, Cherskij] [Reference: Welp, L. R., Randerson, J., Finlay, J., Davydov, S., Zimov, G., Davydova, A. and Zimov, S.: A high-resolution time series of oxygen isotopes from the Kolyma River: Implications for the seasonal dynamics of discharge and basin-scale water use, Geophys. Res. Lett., 32(14), L14401, doi:10.1029/2005GL022857, 2005.]",200706,Water - Precipitation - rain,2007-06-15,2007-06-01,2007-06-30,,-15.94,International Atomic Energy Agency,-122.87,International Atomic Energy Agency,,,,16.9,15.3,
GNIP,GNIP/M/RU/02,CHERSKIY,RU,2200001,68.75944444,161.3425,30,Precipitation collectors - unknown,"[Partner: Northeast Science Station, Cherskij] [Reference: Welp, L. R., Randerson, J., Finlay, J., Davydov, S., Zimov, G., Davydova, A. and Zimov, S.: A high-resolution time series of oxygen isotopes from the Kolyma River: Implications for the seasonal dynamics of discharge and basin-scale water use, Geophys. Res. Lett., 32(14), L14401, doi:10.1029/2005GL022857, 2005.]",200707,Water - Precipitation - rain,2007-07-15,2007-07-01,2007-07-31,,-17.78,International Atomic Energy Agency,-141.59,International Atomic Energy Agency,,,,36.2,16,
GNIP,GNIP/M/RU/02,CHERSKIY,RU,2200001,68.75944444,161.3425,30,Precipitation collectors - unknown,"[Partner: Northeast Science Station, Cherskij] [Reference: Welp, L. R., Randerson, J., Finlay, J., Davydov, S., Zimov, G., Davydova, A. and Zimov, S.: A high-resolution time series of oxygen isotopes from the Kolyma River: Implications for the seasonal dynamics of discharge and basin-scale water use, Geophys. Res. Lett., 32(14), L14401, doi:10.1029/2005GL022857, 2005.]",200708,Water - Precipitation - rain,2007-08-15,2007-08-01,2007-08-31,,-18.35,International Atomic Energy Agency,-141.4,International Atomic Energy Agency,,,,44.9,13.4,
GNIP,GNIP/M/RU/02,CHERSKIY,RU,2200001,68.75944444,161.3425,30,Precipitation collectors - unknown,"[Partner: Northeast Science Station, Cherskij] [Reference: Welp, L. R., Randerson, J., Finlay, J., Davydov, S., Zimov, G., Davydova, A. and Zimov, S.: A high-resolution time series of oxygen isotopes from the Kolyma River: Implications for the seasonal dynamics of discharge and basin-scale water use, Geophys. Res. Lett., 32(14), L14401, doi:10.1029/2005GL022857, 2005.]",200709,Water - Precipitation - rain,2007-09-15,2007-09-01,2007-09-30,,,,,,,,,41.3,5.2,
GNIP,GNIP/M/RU/02,CHERSKIY,RU,2200001,68.75944444,161.3425,30,Precipitation collectors - unknown,"[Partner: Northeast Science Station, Cherskij] [Reference: Welp, L. R., Randerson, J., Finlay, J., Davydov, S., Zimov, G., Davydova, A. and Zimov, S.: A high-resolution time series of oxygen isotopes from the Kolyma River: Implications for the seasonal dynamics of discharge and basin-scale water use, Geophys. Res. Lett., 32(14), L14401, doi:10.1029/2005GL022857, 2005.]",200710,Water - Precipitation - rain,2007-10-15,2007-10-01,2007-10-31,,-24.59,International Atomic Energy Agency,-175.04,International Atomic Energy Agency,,,,10.6,-7.5,
GNIP,GNIP/M/RU/02,CHERSKIY,RU,2200001,68.75944444,161.3425,30,Precipitation collectors - unknown,"[Partner: Northeast Science Station, Cherskij] [Reference: Welp, L. R., Randerson, J., Finlay, J., Davydov, S., Zimov, G., Davydova, A. and Zimov, S.: A high-resolution time series of oxygen isotopes from the Kolyma River: Implications for the seasonal dynamics of discharge and basin-scale water use, Geophys. Res. Lett., 32(14), L14401, doi:10.1029/2005GL022857, 2005.]",200711,Water - Precipitation - rain,2007-11-15,2007-11-01,2007-11-30,,-28.23,International Atomic Energy Agency,-210.89,International Atomic Energy Agency,,,,21.9,-18.2,
GNIP,GNIP/M/RU/02,CHERSKIY,RU,2200001,68.75944444,161.3425,30,Precipitation collectors - unknown,"[Partner: Northeast Science Station, Cherskij] [Reference: Welp, L. R., Randerson, J., Finlay, J., Davydov, S., Zimov, G., Davydova, A. and Zimov, S.: A high-resolution time series of oxygen isotopes from the Kolyma River: Implications for the seasonal dynamics of discharge and basin-scale water use, Geophys. Res. Lett., 32(14), L14401, doi:10.1029/2005GL022857, 2005.]",200712,Water - Precipitation - rain,2007-12-15,2007-12-01,2007-12-31,,-29.89,International Atomic Energy Agency,-227.36,International Atomic Energy Agency,,,,23.1,-26.5,
GNIP,GNIP/M/RU/02,CHERSKIY,RU,2200001,68.75944444,161.3425,30,Precipitation collectors - unknown,"[Partner: Northeast Science Station, Cherskij] [Reference: Welp, L. R., Randerson, J., Finlay, J., Davydov, S., Zimov, G., Davydova, A. and Zimov, S.: A high-resolution time series of oxygen isotopes from the Kolyma River: Implications for the seasonal dynamics of discharge and basin-scale water use, Geophys. Res. Lett., 32(14), L14401, doi:10.1029/2005GL022857, 2005.]",200801,"Water - Precipitation - rain & snow (""mixed"")",2008-01-15,2008-01-01,2008-01-31,,-34.4,International Atomic Energy Agency,-262.34,International Atomic Energy Agency,,,,4,-32.8,
GNIP,GNIP/M/RU/02,CHERSKIY,RU,2200001,68.75944444,161.3425,30,Precipitation collectors - unknown,"[Partner: Northeast Science Station, Cherskij] [Reference: Welp, L. R., Randerson, J., Finlay, J., Davydov, S., Zimov, G., Davydova, A. and Zimov, S.: A high-resolution time series of oxygen isotopes from the Kolyma River: Implications for the seasonal dynamics of discharge and basin-scale water use, Geophys. Res. Lett., 32(14), L14401, doi:10.1029/2005GL022857, 2005.]",200802,"Water - Precipitation - rain & snow (""mixed"")",2008-02-15,2008-02-01,2008-02-28,,,,,,,,,0.9,-28.8,
GNIP,GNIP/M/RU/02,CHERSKIY,RU,2200001,68.75944444,161.3425,30,Precipitation collectors - unknown,"[Partner: Northeast Science Station, Cherskij] [Reference: Welp, L. R., Randerson, J., Finlay, J., Davydov, S., Zimov, G., Davydova, A. and Zimov, S.: A high-resolution time series of oxygen isotopes from the Kolyma River: Implications for the seasonal dynamics of discharge and basin-scale water use, Geophys. Res. Lett., 32(14), L14401, doi:10.1029/2005GL022857, 2005.]",200803,"Water - Precipitation - rain & snow (""mixed"")",2008-03-15,2008-03-01,2008-03-31,,,,,,,,,4.8,-19.7,
GNIP,GNIP/M/RU/02,CHERSKIY,RU,2200001,68.75944444,161.3425,30,Precipitation collectors - unknown,"[Partner: Northeast Science Station, Cherskij] [Reference: Welp, L. R., Randerson, J., Finlay, J., Davydov, S., Zimov, G., Davydova, A. and Zimov, S.: A high-resolution time series of oxygen isotopes from the Kolyma River: Implications for the seasonal dynamics of discharge and basin-scale water use, Geophys. Res. Lett., 32(14), L14401, doi:10.1029/2005GL022857, 2005.]",200804,"Water - Precipitation - rain & snow (""mixed"")",2008-04-15,2008-04-01,2008-04-30,,-24.99,International Atomic Energy Agency,-192.35,International Atomic Energy Agency,,,,14,-15.3,
GNIP,GNIP/M/RU/02,CHERSKIY,RU,2200001,68.75944444,161.3425,30,Precipitation collectors - unknown,"[Partner: Northeast Science Station, Cherskij] [Reference: Welp, L. R., Randerson, J., Finlay, J., Davydov, S., Zimov, G., Davydova, A. and Zimov, S.: A high-resolution time series of oxygen isotopes from the Kolyma River: Implications for the seasonal dynamics of discharge and basin-scale water use, Geophys. Res. Lett., 32(14), L14401, doi:10.1029/2005GL022857, 2005.]",200805,"Water - Precipitation - rain & snow (""mixed"")",2008-05-15,2008-05-01,2008-05-31,,-20.94,International Atomic Energy Agency,-158.04,International Atomic Energy Agency,,,,14.1,2.3,
GNIP,GNIP/M/RU/02,CHERSKIY,RU,2200001,68.75944444,161.3425,30,Precipitation collectors - unknown,"[Partner: Northeast Science Station, Cherskij] [Reference: Welp, L. R., Randerson, J., Finlay, J., Davydov, S., Zimov, G., Davydova, A. and Zimov, S.: A high-resolution time series of oxygen isotopes from the Kolyma River: Implications for the seasonal dynamics of discharge and basin-scale water use, Geophys. Res. Lett., 32(14), L14401, doi:10.1029/2005GL022857, 2005.]",200806,"Water - Precipitation - rain & snow (""mixed"")",2008-06-15,2008-06-01,2008-06-30,,-16.88,International Atomic Energy Agency,-134.19,International Atomic Energy Agency,,,,15.3,8,
GNIP,GNIP/M/RU/02,CHERSKIY,RU,2200001,68.75944444,161.3425,30,Precipitation collectors - unknown,"[Partner: Northeast Science Station, Cherskij] [Reference: Welp, L. R., Randerson, J., Finlay, J., Davydov, S., Zimov, G., Davydova, A. and Zimov, S.: A high-resolution time series of oxygen isotopes from the Kolyma River: Implications for the seasonal dynamics of discharge and basin-scale water use, Geophys. Res. Lett., 32(14), L14401, doi:10.1029/2005GL022857, 2005.]",200807,"Water - Precipitation - rain & snow (""mixed"")",2008-07-15,2008-07-01,2008-07-31,,-19.66,International Atomic Energy Agency,-150.34,International Atomic Energy Agency,,,,14.4,10.8,
GNIP,GNIP/M/RU/02,CHERSKIY,RU,2200001,68.75944444,161.3425,30,Precipitation collectors - unknown,"[Partner: Northeast Science Station, Cherskij] [Reference: Welp, L. R., Randerson, J., Finlay, J., Davydov, S., Zimov, G., Davydova, A. and Zimov, S.: A high-resolution time series of oxygen isotopes from the Kolyma River: Implications for the seasonal dynamics of discharge and basin-scale water use, Geophys. Res. Lett., 32(14), L14401, doi:10.1029/2005GL022857, 2005.]",200808,"Water - Precipitation - rain & snow (""mixed"")",2008-08-15,2008-08-01,2008-08-31,,,,,,,,,9.8,13.4,
GNIP,GNIP/M/RU/02,CHERSKIY,RU,2200001,68.75944444,161.3425,30,Precipitation collectors - unknown,"[Partner: Northeast Science Station, Cherskij] [Reference: Welp, L. R., Randerson, J., Finlay, J., Davydov, S., Zimov, G., Davydova, A. and Zimov, S.: A high-resolution time series of oxygen isotopes from the Kolyma River: Implications for the seasonal dynamics of discharge and basin-scale water use, Geophys. Res. Lett., 32(14), L14401, doi:10.1029/2005GL022857, 2005.]",200809,"Water - Precipitation - rain & snow (""mixed"")",2008-09-15,2008-09-01,2008-09-30,,,,,,,,,30.7,4.9,
GNIP,GNIP/M/RU/02,CHERSKIY,RU,2200001,68.75944444,161.3425,30,Precipitation collectors - unknown,"[Partner: Northeast Science Station, Cherskij] [Reference: Welp, L. R., Randerson, J., Finlay, J., Davydov, S., Zimov, G., Davydova, A. and Zimov, S.: A high-resolution time series of oxygen isotopes from the Kolyma River: Implications for the seasonal dynamics of discharge and basin-scale water use, Geophys. Res. Lett., 32(14), L14401, doi:10.1029/2005GL022857, 2005.]",200810,"Water - Precipitation - rain & snow (""mixed"")",2008-10-15,2008-10-01,2008-10-31,,-28.92,International Atomic Energy Agency,-215.41,International Atomic Energy Agency,,,,46.8,-8.1,
GNIP,GNIP/M/RU/02,CHERSKIY,RU,2200001,68.75944444,161.3425,30,Precipitation collectors - unknown,"[Partner: Northeast Science Station, Cherskij] [Reference: Welp, L. R., Randerson, J., Finlay, J., Davydov, S., Zimov, G., Davydova, A. and Zimov, S.: A high-resolution time series of oxygen isotopes from the Kolyma River: Implications for the seasonal dynamics of discharge and basin-scale water use, Geophys. Res. Lett., 32(14), L14401, doi:10.1029/2005GL022857, 2005.]",200811,"Water - Precipitation - rain & snow (""mixed"")",2008-11-15,2008-11-01,2008-11-30,,-28.36,International Atomic Energy Agency,-213.05,International Atomic Energy Agency,,,,17.4,-21,
GNIP,GNIP/M/RU/02,CHERSKIY,RU,2200001,68.75944444,161.3425,30,Precipitation collectors - unknown,"[Partner: Northeast Science Station, Cherskij] [Reference: Welp, L. R., Randerson, J., Finlay, J., Davydov, S., Zimov, G., Davydova, A. and Zimov, S.: A high-resolution time series of oxygen isotopes from the Kolyma River: Implications for the seasonal dynamics of discharge and basin-scale water use, Geophys. Res. Lett., 32(14), L14401, doi:10.1029/2005GL022857, 2005.]",200812,"Water - Precipitation - rain & snow (""mixed"")",2008-12-15,2008-12-01,2008-12-31,,,,,,,,,23.3,-24.4,
GNIP,GNIP/M/RU/02,CHERSKIY,RU,2200001,68.75944444,161.3425,30,Precipitation collectors - unknown,"[Partner: Northeast Science Station, Cherskij] [Reference: Welp, L. R., Randerson, J., Finlay, J., Davydov, S., Zimov, G., Davydova, A. and Zimov, S.: A high-resolution time series of oxygen isotopes from the Kolyma River: Implications for the seasonal dynamics of discharge and basin-scale water use, Geophys. Res. Lett., 32(14), L14401, doi:10.1029/2005GL022857, 2005.]",200901,"Water - Precipitation - rain & snow (""mixed"")",2009-01-15,2009-01-01,2009-01-31,,,,,,,,,10.4,-32.5,
GNIP,GNIP/M/RU/02,CHERSKIY,RU,2200001,68.75944444,161.3425,30,Precipitation collectors - unknown,"[Partner: Northeast Science Station, Cherskij] [Reference: Welp, L. R., Randerson, J., Finlay, J., Davydov, S., Zimov, G., Davydova, A. and Zimov, S.: A high-resolution time series of oxygen isotopes from the Kolyma River: Implications for the seasonal dynamics of discharge and basin-scale water use, Geophys. Res. Lett., 32(14), L14401, doi:10.1029/2005GL022857, 2005.]",200902,"Water - Precipitation - rain & snow (""mixed"")",2009-02-15,2009-02-01,2009-02-28,,,,,,,,,12.7,-35.6,
GNIP,GNIP/M/RU/02,CHERSKIY,RU,2200001,68.75944444,161.3425,30,Precipitation collectors - unknown,"[Partner: Northeast Science Station, Cherskij] [Reference: Welp, L. R., Randerson, J., Finlay, J., Davydov, S., Zimov, G., Davydova, A. and Zimov, S.: A high-resolution time series of oxygen isotopes from the Kolyma River: Implications for the seasonal dynamics of discharge and basin-scale water use, Geophys. Res. Lett., 32(14), L14401, doi:10.1029/2005GL022857, 2005.]",200903,"Water - Precipitation - rain & snow (""mixed"")",2009-03-15,2009-03-01,2009-03-31,,-28.9,International Atomic Energy Agency,-221.1,International Atomic Energy Agency,,,,12,-21.2,
GNIP,GNIP/M/RU/02,CHERSKIY,RU,2200001,68.75944444,161.3425,30,Precipitation collectors - unknown,"[Partner: Northeast Science Station, Cherskij] [Reference: Welp, L. R., Randerson, J., Finlay, J., Davydov, S., Zimov, G., Davydova, A. and Zimov, S.: A high-resolution time series of oxygen isotopes from the Kolyma River: Implications for the seasonal dynamics of discharge and basin-scale water use, Geophys. Res. Lett., 32(14), L14401, doi:10.1029/2005GL022857, 2005.]",200904,"Water - Precipitation - rain & snow (""mixed"")",2009-04-15,2009-04-01,2009-04-30,,,,,,,,,12.6,-13.7,
GNIP,GNIP/M/RU/02,CHERSKIY,RU,2200001,68.75944444,161.3425,30,Precipitation collectors - unknown,"[Partner: Northeast Science Station, Cherskij] [Reference: Welp, L. R., Randerson, J., Finlay, J., Davydov, S., Zimov, G., Davydova, A. and Zimov, S.: A high-resolution time series of oxygen isotopes from the Kolyma River: Implications for the seasonal dynamics of discharge and basin-scale water use, Geophys. Res. Lett., 32(14), L14401, doi:10.1029/2005GL022857, 2005.]",200905,"Water - Precipitation - rain & snow (""mixed"")",2009-05-15,2009-05-01,2009-05-31,,-15.37,International Atomic Energy Agency,-137.1,International Atomic Energy Agency,,,,7.6,3.4,
GNIP,GNIP/M/RU/02,CHERSKIY,RU,2200001,68.75944444,161.3425,30,Precipitation collectors - unknown,"[Partner: Northeast Science Station, Cherskij] [Reference: Welp, L. R., Randerson, J., Finlay, J., Davydov, S., Zimov, G., Davydova, A. and Zimov, S.: A high-resolution time series of oxygen isotopes from the Kolyma River: Implications for the seasonal dynamics of discharge and basin-scale water use, Geophys. Res. Lett., 32(14), L14401, doi:10.1029/2005GL022857, 2005.]",200906,"Water - Precipitation - rain & snow (""mixed"")",2009-06-15,2009-06-01,2009-06-30,,-17.39,International Atomic Energy Agency,-136.5,International Atomic Energy Agency,,,,4.6,8.5,
GNIP,GNIP/M/RU/02,CHERSKIY,RU,2200001,68.75944444,161.3425,30,Precipitation collectors - unknown,"[Partner: Northeast Science Station, Cherskij] [Reference: Welp, L. R., Randerson, J., Finlay, J., Davydov, S., Zimov, G., Davydova, A. and Zimov, S.: A high-resolution time series of oxygen isotopes from the Kolyma River: Implications for the seasonal dynamics of discharge and basin-scale water use, Geophys. Res. Lett., 32(14), L14401, doi:10.1029/2005GL022857, 2005.]",200907,"Water - Precipitation - rain & snow (""mixed"")",2009-07-15,2009-07-01,2009-07-31,,-17.41,International Atomic Energy Agency,-137.1,International Atomic Energy Agency,,,,18.3,10.4,
GNIP,GNIP/M/RU/02,CHERSKIY,RU,2200001,68.75944444,161.3425,30,Precipitation collectors - unknown,"[Partner: Northeast Science Station, Cherskij] [Reference: Welp, L. R., Randerson, J., Finlay, J., Davydov, S., Zimov, G., Davydova, A. and Zimov, S.: A high-resolution time series of oxygen isotopes from the Kolyma River: Implications for the seasonal dynamics of discharge and basin-scale water use, Geophys. Res. Lett., 32(14), L14401, doi:10.1029/2005GL022857, 2005.]",200908,"Water - Precipitation - rain & snow (""mixed"")",2009-08-15,2009-08-01,2009-08-31,,-16.13,International Atomic Energy Agency,-124.3,International Atomic Energy Agency,,,,32.9,8.6,
GNIP,GNIP/M/RU/02,CHERSKIY,RU,2200001,68.75944444,161.3425,30,Precipitation collectors - unknown,"[Partner: Northeast Science Station, Cherskij] [Reference: Welp, L. R., Randerson, J., Finlay, J., Davydov, S., Zimov, G., Davydova, A. and Zimov, S.: A high-resolution time series of oxygen isotopes from the Kolyma River: Implications for the seasonal dynamics of discharge and basin-scale water use, Geophys. Res. Lett., 32(14), L14401, doi:10.1029/2005GL022857, 2005.]",200909,"Water - Precipitation - rain & snow (""mixed"")",2009-09-15,2009-09-01,2009-09-30,,-16.66,International Atomic Energy Agency,-129.4,International Atomic Energy Agency,,,,1.5,4.8,
GNIP,GNIP/M/RU/02,CHERSKIY,RU,2200001,68.75944444,161.3425,30,Precipitation collectors - unknown,"[Partner: Northeast Science Station, Cherskij] [Reference: Welp, L. R., Randerson, J., Finlay, J., Davydov, S., Zimov, G., Davydova, A. and Zimov, S.: A high-resolution time series of oxygen isotopes from the Kolyma River: Implications for the seasonal dynamics of discharge and basin-scale water use, Geophys. Res. Lett., 32(14), L14401, doi:10.1029/2005GL022857, 2005.]",200910,"Water - Precipitation - rain & snow (""mixed"")",2009-10-15,2009-10-01,2009-10-31,,-21.97,International Atomic Energy Agency,-169.4,International Atomic Energy Agency,,,,27.9,-8.4,
GNIP,GNIP/M/RU/02,CHERSKIY,RU,2200001,68.75944444,161.3425,30,Precipitation collectors - unknown,"[Partner: Northeast Science Station, Cherskij] [Reference: Welp, L. R., Randerson, J., Finlay, J., Davydov, S., Zimov, G., Davydova, A. and Zimov, S.: A high-resolution time series of oxygen isotopes from the Kolyma River: Implications for the seasonal dynamics of discharge and basin-scale water use, Geophys. Res. Lett., 32(14), L14401, doi:10.1029/2005GL022857, 2005.]",200911,"Water - Precipitation - rain & snow (""mixed"")",2009-11-15,2009-11-01,2009-11-30,,-31.03,International Atomic Energy Agency,-227.8,International Atomic Energy Agency,,,,10.4,-24.6,
GNIP,GNIP/M/RU/02,CHERSKIY,RU,2200001,68.75944444,161.3425,30,Precipitation collectors - unknown,"[Partner: Northeast Science Station, Cherskij] [Reference: Welp, L. R., Randerson, J., Finlay, J., Davydov, S., Zimov, G., Davydova, A. and Zimov, S.: A high-resolution time series of oxygen isotopes from the Kolyma River: Implications for the seasonal dynamics of discharge and basin-scale water use, Geophys. Res. Lett., 32(14), L14401, doi:10.1029/2005GL022857, 2005.]",200912,"Water - Precipitation - rain & snow (""mixed"")",2009-12-15,2009-12-01,2009-12-31,,-26.46,International Atomic Energy Agency,-200.8,International Atomic Energy Agency,,,,20.5,-26.7,
GNIP,GNIP/M/RU/02,CHERSKIY,RU,2200001,68.75944444,161.3425,30,Precipitation collectors - unknown,"[Partner: Northeast Science Station, Cherskij] [Reference: Welp, L. R., Randerson, J., Finlay, J., Davydov, S., Zimov, G., Davydova, A. and Zimov, S.: A high-resolution time series of oxygen isotopes from the Kolyma River: Implications for the seasonal dynamics of discharge and basin-scale water use, Geophys. Res. Lett., 32(14), L14401, doi:10.1029/2005GL022857, 2005.]",201001,Water - Precipitation - snow,2010-01-15,2010-01-01,2010-01-31,,-36.67,International Atomic Energy Agency,-279.2,International Atomic Energy Agency,,,,7.1,-32.3,
GNIP,GNIP/M/RU/02,CHERSKIY,RU,2200001,68.75944444,161.3425,30,Precipitation collectors - unknown,"[Partner: Northeast Science Station, Cherskij] [Reference: Welp, L. R., Randerson, J., Finlay, J., Davydov, S., Zimov, G., Davydova, A. and Zimov, S.: A high-resolution time series of oxygen isotopes from the Kolyma River: Implications for the seasonal dynamics of discharge and basin-scale water use, Geophys. Res. Lett., 32(14), L14401, doi:10.1029/2005GL022857, 2005.]",201002,Water - Precipitation - snow,2010-02-15,2010-02-01,2010-02-28,,-33.95,International Atomic Energy Agency,-263,International Atomic Energy Agency,,,,15,-31.4,
GNIP,GNIP/M/RU/02,CHERSKIY,RU,2200001,68.75944444,161.3425,30,Precipitation collectors - unknown,"[Partner: Northeast Science Station, Cherskij] [Reference: Welp, L. R., Randerson, J., Finlay, J., Davydov, S., Zimov, G., Davydova, A. and Zimov, S.: A high-resolution time series of oxygen isotopes from the Kolyma River: Implications for the seasonal dynamics of discharge and basin-scale water use, Geophys. Res. Lett., 32(14), L14401, doi:10.1029/2005GL022857, 2005.]",201003,Water - Precipitation - snow,2010-03-15,2010-03-01,2010-03-31,,-36.58,International Atomic Energy Agency,-286.2,International Atomic Energy Agency,,,,20.9,-25.7,
GNIP,GNIP/M/RU/02,CHERSKIY,RU,2200001,68.75944444,161.3425,30,Precipitation collectors - unknown,"[Partner: Northeast Science Station, Cherskij] [Reference: Welp, L. R., Randerson, J., Finlay, J., Davydov, S., Zimov, G., Davydova, A. and Zimov, S.: A high-resolution time series of oxygen isotopes from the Kolyma River: Implications for the seasonal dynamics of discharge and basin-scale water use, Geophys. Res. Lett., 32(14), L14401, doi:10.1029/2005GL022857, 2005.]",201004,Water - Precipitation - snow,2010-04-15,2010-04-01,2010-04-30,,,,,,,,,11.1,-15.1,
GNIP,GNIP/M/RU/02,CHERSKIY,RU,2200001,68.75944444,161.3425,30,Precipitation collectors - unknown,"[Partner: Northeast Science Station, Cherskij] [Reference: Welp, L. R., Randerson, J., Finlay, J., Davydov, S., Zimov, G., Davydova, A. and Zimov, S.: A high-resolution time series of oxygen isotopes from the Kolyma River: Implications for the seasonal dynamics of discharge and basin-scale water use, Geophys. Res. Lett., 32(14), L14401, doi:10.1029/2005GL022857, 2005.]",201005,"Water - Precipitation - rain & snow (""mixed"")",2010-05-15,2010-05-01,2010-05-31,,-16.28,International Atomic Energy Agency,-129.6,International Atomic Energy Agency,,,,1.7,4.4,
GNIP,GNIP/M/RU/02,CHERSKIY,RU,2200001,68.75944444,161.3425,30,Precipitation collectors - unknown,"[Partner: Northeast Science Station, Cherskij] [Reference: Welp, L. R., Randerson, J., Finlay, J., Davydov, S., Zimov, G., Davydova, A. and Zimov, S.: A high-resolution time series of oxygen isotopes from the Kolyma River: Implications for the seasonal dynamics of discharge and basin-scale water use, Geophys. Res. Lett., 32(14), L14401, doi:10.1029/2005GL022857, 2005.]",201006,Water - Precipitation - rain,2010-06-15,2010-06-01,2010-06-30,,-28.12,International Atomic Energy Agency,-227.1,International Atomic Energy Agency,,,,18.5,12.5,
GNIP,GNIP/M/RU/02,CHERSKIY,RU,2200001,68.75944444,161.3425,30,Precipitation collectors - unknown,"[Partner: Northeast Science Station, Cherskij] [Reference: Welp, L. R., Randerson, J., Finlay, J., Davydov, S., Zimov, G., Davydova, A. and Zimov, S.: A high-resolution time series of oxygen isotopes from the Kolyma River: Implications for the seasonal dynamics of discharge and basin-scale water use, Geophys. Res. Lett., 32(14), L14401, doi:10.1029/2005GL022857, 2005.]",201007,Water - Precipitation - rain,2010-07-15,2010-07-01,2010-07-31,,,,,,,,,10.9,16.7,
GNIP,GNIP/M/RU/02,CHERSKIY,RU,2200001,68.75944444,161.3425,30,Precipitation collectors - unknown,"[Partner: Northeast Science Station, Cherskij] [Reference: Welp, L. R., Randerson, J., Finlay, J., Davydov, S., Zimov, G., Davydova, A. and Zimov, S.: A high-resolution time series of oxygen isotopes from the Kolyma River: Implications for the seasonal dynamics of discharge and basin-scale water use, Geophys. Res. Lett., 32(14), L14401, doi:10.1029/2005GL022857, 2005.]",201008,Water - Precipitation - rain,2010-08-15,2010-08-01,2010-08-31,,,,,,,,,22.6,10.2,
GNIP,GNIP/M/RU/02,CHERSKIY,RU,2200001,68.75944444,161.3425,30,Precipitation collectors - unknown,"[Partner: Northeast Science Station, Cherskij] [Reference: Welp, L. R., Randerson, J., Finlay, J., Davydov, S., Zimov, G., Davydova, A. and Zimov, S.: A high-resolution time series of oxygen isotopes from the Kolyma River: Implications for the seasonal dynamics of discharge and basin-scale water use, Geophys. Res. Lett., 32(14), L14401, doi:10.1029/2005GL022857, 2005.]",201009,Water - Precipitation - unspecified (not reported),2010-09-15,2010-09-01,2010-09-30,,,,,,,,,48.4,5,
GNIP,GNIP/M/RU/02,CHERSKIY,RU,2200001,68.75944444,161.3425,30,Precipitation collectors - unknown,"[Partner: Northeast Science Station, Cherskij] [Reference: Welp, L. R., Randerson, J., Finlay, J., Davydov, S., Zimov, G., Davydova, A. and Zimov, S.: A high-resolution time series of oxygen isotopes from the Kolyma River: Implications for the seasonal dynamics of discharge and basin-scale water use, Geophys. Res. Lett., 32(14), L14401, doi:10.1029/2005GL022857, 2005.]",201010,Water - Precipitation - snow,2010-10-15,2010-10-01,2010-10-31,Snow precipitation only indicated quantitatively,,,,,,,,,-6.5,
GNIP,GNIP/M/RU/02,CHERSKIY,RU,2200001,68.75944444,161.3425,30,Precipitation collectors - unknown,"[Partner: Northeast Science Station, Cherskij] [Reference: Welp, L. R., Randerson, J., Finlay, J., Davydov, S., Zimov, G., Davydova, A. and Zimov, S.: A high-resolution time series of oxygen isotopes from the Kolyma River: Implications for the seasonal dynamics of discharge and basin-scale water use, Geophys. Res. Lett., 32(14), L14401, doi:10.1029/2005GL022857, 2005.]",201011,Water - Precipitation - snow,2010-11-15,2010-11-01,2010-11-30,Snow precipitation only indicated quantitatively,,,,,,,,,-18.4,
GNIP,GNIP/M/RU/02,CHERSKIY,RU,2200001,68.75944444,161.3425,30,Precipitation collectors - unknown,"[Partner: Northeast Science Station, Cherskij] [Reference: Welp, L. R., Randerson, J., Finlay, J., Davydov, S., Zimov, G., Davydova, A. and Zimov, S.: A high-resolution time series of oxygen isotopes from the Kolyma River: Implications for the seasonal dynamics of discharge and basin-scale water use, Geophys. Res. Lett., 32(14), L14401, doi:10.1029/2005GL022857, 2005.]",201012,Water - Precipitation - snow,2010-12-15,2010-12-01,2010-12-31,Snow precipitation only indicated quantitatively,,,,,,,,,-22.9,
GNIP,GNIP/M/RU/01,PUSCHINO,RU,3248001,54.18,158.02,303,Precipitation collectors - unknown,"[Partners: Institute of Volcanology, Russian Academy of Sciences; Water Problems Institute, Russian Academy of Sciences], [Reference: Karpov & Esikov 2005]",199801,Water - Precipitation - unspecified (not reported),1998-01-15,1998-01-01,1998-01-31,,,,,,,,,,,
GNIP,GNIP/M/RU/01,PUSCHINO,RU,3248001,54.18,158.02,303,Precipitation collectors - unknown,"[Partners: Institute of Volcanology, Russian Academy of Sciences; Water Problems Institute, Russian Academy of Sciences], [Reference: Karpov & Esikov 2005]",199802,Water - Precipitation - unspecified (not reported),1998-02-15,1998-02-01,1998-02-28,,,,,,,,,,,
GNIP,GNIP/M/RU/01,PUSCHINO,RU,3248001,54.18,158.02,303,Precipitation collectors - unknown,"[Partners: Institute of Volcanology, Russian Academy of Sciences; Water Problems Institute, Russian Academy of Sciences], [Reference: Karpov & Esikov 2005]",199803,Water - Precipitation - unspecified (not reported),1998-03-15,1998-03-01,1998-03-31,,,,,,,,,,,
GNIP,GNIP/M/RU/01,PUSCHINO,RU,3248001,54.18,158.02,303,Precipitation collectors - unknown,"[Partners: Institute of Volcanology, Russian Academy of Sciences; Water Problems Institute, Russian Academy of Sciences], [Reference: Karpov & Esikov 2005]",199804,Water - Precipitation - unspecified (not reported),1998-04-15,1998-04-01,1998-04-30,,-18.97,International Atomic Energy Agency,-144.5,International Atomic Energy Agency,,,,21,,
GNIP,GNIP/M/RU/01,PUSCHINO,RU,3248001,54.18,158.02,303,Precipitation collectors - unknown,"[Partners: Institute of Volcanology, Russian Academy of Sciences; Water Problems Institute, Russian Academy of Sciences], [Reference: Karpov & Esikov 2005]",199805,Water - Precipitation - unspecified (not reported),1998-05-15,1998-05-01,1998-05-31,,-18.6,International Atomic Energy Agency,-143.6,International Atomic Energy Agency,,,,23,,
GNIP,GNIP/M/RU/01,PUSCHINO,RU,3248001,54.18,158.02,303,Precipitation collectors - unknown,"[Partners: Institute of Volcanology, Russian Academy of Sciences; Water Problems Institute, Russian Academy of Sciences], [Reference: Karpov & Esikov 2005]",199806,Water - Precipitation - unspecified (not reported),1998-06-15,1998-06-01,1998-06-30,,-12.23,International Atomic Energy Agency,-100.7,International Atomic Energy Agency,,,,2,,
GNIP,GNIP/M/RU/01,PUSCHINO,RU,3248001,54.18,158.02,303,Precipitation collectors - unknown,"[Partners: Institute of Volcanology, Russian Academy of Sciences; Water Problems Institute, Russian Academy of Sciences], [Reference: Karpov & Esikov 2005]",199807,Water - Precipitation - unspecified (not reported),1998-07-15,1998-07-01,1998-07-31,,-16.76,International Atomic Energy Agency,-132.2,International Atomic Energy Agency,,,,46,,
GNIP,GNIP/M/RU/01,PUSCHINO,RU,3248001,54.18,158.02,303,Precipitation collectors - unknown,"[Partners: Institute of Volcanology, Russian Academy of Sciences; Water Problems Institute, Russian Academy of Sciences], [Reference: Karpov & Esikov 2005]",199808,Water - Precipitation - unspecified (not reported),1998-08-15,1998-08-01,1998-08-31,,-17.17,International Atomic Energy Agency,-131,International Atomic Energy Agency,,,,164,,
GNIP,GNIP/M/RU/01,PUSCHINO,RU,3248001,54.18,158.02,303,Precipitation collectors - unknown,"[Partners: Institute of Volcanology, Russian Academy of Sciences; Water Problems Institute, Russian Academy of Sciences], [Reference: Karpov & Esikov 2005]",199809,Water - Precipitation - unspecified (not reported),1998-09-15,1998-09-01,1998-09-30,,,,,,,,,,,
GNIP,GNIP/M/RU/01,PUSCHINO,RU,3248001,54.18,158.02,303,Precipitation collectors - unknown,"[Partners: Institute of Volcanology, Russian Academy of Sciences; Water Problems Institute, Russian Academy of Sciences], [Reference: Karpov & Esikov 2005]",199810,Water - Precipitation - unspecified (not reported),1998-10-15,1998-10-01,1998-10-31,,,,,,,,,,,
GNIP,GNIP/M/RU/01,PUSCHINO,RU,3248001,54.18,158.02,303,Precipitation collectors - unknown,"[Partners: Institute of Volcanology, Russian Academy of Sciences; Water Problems Institute, Russian Academy of Sciences], [Reference: Karpov & Esikov 2005]",199811,Water - Precipitation - unspecified (not reported),1998-11-15,1998-11-01,1998-11-30,,,,,,,,,,,
GNIP,GNIP/M/RU/01,PUSCHINO,RU,3248001,54.18,158.02,303,Precipitation collectors - unknown,"[Partners: Institute of Volcanology, Russian Academy of Sciences; Water Problems Institute, Russian Academy of Sciences], [Reference: Karpov & Esikov 2005]",199812,Water - Precipitation - unspecified (not reported),1998-12-15,1998-12-01,1998-12-31,,-19.91,International Atomic Energy Agency,-149.1,International Atomic Energy Agency,,,,117,,
GNIP,GNIP/M/RU/01,PUSCHINO,RU,3248001,54.18,158.02,303,Precipitation collectors - unknown,"[Partners: Institute of Volcanology, Russian Academy of Sciences; Water Problems Institute, Russian Academy of Sciences], [Reference: Karpov & Esikov 2005]",199901,Water - Precipitation - unspecified (not reported),1999-01-15,1999-01-01,1999-01-31,,-19.235,International Atomic Energy Agency,-148.8,International Atomic Energy Agency,,,,214,,
GNIP,GNIP/M/RU/01,PUSCHINO,RU,3248001,54.18,158.02,303,Precipitation collectors - unknown,"[Partners: Institute of Volcanology, Russian Academy of Sciences; Water Problems Institute, Russian Academy of Sciences], [Reference: Karpov & Esikov 2005]",199902,Water - Precipitation - unspecified (not reported),1999-02-15,1999-02-01,1999-02-28,,-16.485,International Atomic Energy Agency,-135.75,International Atomic Energy Agency,,,,84,,
GNIP,GNIP/M/RU/01,PUSCHINO,RU,3248001,54.18,158.02,303,Precipitation collectors - unknown,"[Partners: Institute of Volcanology, Russian Academy of Sciences; Water Problems Institute, Russian Academy of Sciences], [Reference: Karpov & Esikov 2005]",199903,Water - Precipitation - unspecified (not reported),1999-03-15,1999-03-01,1999-03-31,,-16.045,International Atomic Energy Agency,-152.45,International Atomic Energy Agency,,,,75,,
GNIP,GNIP/M/RU/01,PUSCHINO,RU,3248001,54.18,158.02,303,Precipitation collectors - unknown,"[Partners: Institute of Volcanology, Russian Academy of Sciences; Water Problems Institute, Russian Academy of Sciences], [Reference: Karpov & Esikov 2005]",199904,Water - Precipitation - unspecified (not reported),1999-04-15,1999-04-01,1999-04-30,,-16.33,International Atomic Energy Agency,-139.2,International Atomic Energy Agency,,,,51,,
GNIP,GNIP/M/RU/01,PUSCHINO,RU,3248001,54.18,158.02,303,Precipitation collectors - unknown,"[Partners: Institute of Volcanology, Russian Academy of Sciences; Water Problems Institute, Russian Academy of Sciences], [Reference: Karpov & Esikov 2005]",199905,Water - Precipitation - unspecified (not reported),1999-05-15,1999-05-01,1999-05-31,,-12.405,International Atomic Energy Agency,-132.9,International Atomic Energy Agency,,,,22,,
GNIP,GNIP/M/RU/01,PUSCHINO,RU,3248001,54.18,158.02,303,Precipitation collectors - unknown,"[Partners: Institute of Volcanology, Russian Academy of Sciences; Water Problems Institute, Russian Academy of Sciences], [Reference: Karpov & Esikov 2005]",199906,Water - Precipitation - unspecified (not reported),1999-06-15,1999-06-01,1999-06-30,,-12.645,International Atomic Energy Agency,-105.6,International Atomic Energy Agency,,,,38,,
GNIP,GNIP/M/RU/01,PUSCHINO,RU,3248001,54.18,158.02,303,Precipitation collectors - unknown,"[Partners: Institute of Volcanology, Russian Academy of Sciences; Water Problems Institute, Russian Academy of Sciences], [Reference: Karpov & Esikov 2005]",199907,Water - Precipitation - unspecified (not reported),1999-07-15,1999-07-01,1999-07-31,,-14.04,International Atomic Energy Agency,-111.9,International Atomic Energy Agency,,,,86,,
GNIP,GNIP/M/RU/01,PUSCHINO,RU,3248001,54.18,158.02,303,Precipitation collectors - unknown,"[Partners: Institute of Volcanology, Russian Academy of Sciences; Water Problems Institute, Russian Academy of Sciences], [Reference: Karpov & Esikov 2005]",199908,Water - Precipitation - unspecified (not reported),1999-08-15,1999-08-01,1999-08-31,,-12.81,International Atomic Energy Agency,-105.75,International Atomic Energy Agency,,,,78,,
GNIP,GNIP/M/RU/01,PUSCHINO,RU,3248001,54.18,158.02,303,Precipitation collectors - unknown,"[Partners: Institute of Volcanology, Russian Academy of Sciences; Water Problems Institute, Russian Academy of Sciences], [Reference: Karpov & Esikov 2005]",199909,Water - Precipitation - unspecified (not reported),1999-09-15,1999-09-01,1999-09-30,,-11.825,International Atomic Energy Agency,-94.55,International Atomic Energy Agency,,,,63,,
GNIP,GNIP/M/RU/01,PUSCHINO,RU,3248001,54.18,158.02,303,Precipitation collectors - unknown,"[Partners: Institute of Volcanology, Russian Academy of Sciences; Water Problems Institute, Russian Academy of Sciences], [Reference: Karpov & Esikov 2005]",199910,Water - Precipitation - unspecified (not reported),1999-10-15,1999-10-01,1999-10-31,,-14.65,International Atomic Energy Agency,-121.7,International Atomic Energy Agency,,,,58,,
GNIP,GNIP/M/RU/01,PUSCHINO,RU,3248001,54.18,158.02,303,Precipitation collectors - unknown,"[Partners: Institute of Volcanology, Russian Academy of Sciences; Water Problems Institute, Russian Academy of Sciences], [Reference: Karpov & Esikov 2005]",199911,Water - Precipitation - unspecified (not reported),1999-11-15,1999-11-01,1999-11-30,,-18.49,International Atomic Energy Agency,-151.1,International Atomic Energy Agency,,,,64,,
GNIP,GNIP/M/RU/01,PUSCHINO,RU,3248001,54.18,158.02,303,Precipitation collectors - unknown,"[Partners: Institute of Volcanology, Russian Academy of Sciences; Water Problems Institute, Russian Academy of Sciences], [Reference: Karpov & Esikov 2005]",199912,Water - Precipitation - unspecified (not reported),1999-12-15,1999-12-01,1999-12-31,,-15.71,International Atomic Energy Agency,-117.75,International Atomic Energy Agency,,,,147,,
GNIP,GNIP/M/RU/01,PUSCHINO,RU,3248001,54.18,158.02,303,Precipitation collectors - unknown,"[Partners: Institute of Volcanology, Russian Academy of Sciences; Water Problems Institute, Russian Academy of Sciences], [Reference: Karpov & Esikov 2005]",200001,Water - Precipitation - unspecified (not reported),2000-01-15,2000-01-01,2000-01-31,,-13.22,International Atomic Energy Agency,-113.05,International Atomic Energy Agency,,,,60,,
GNIP,GNIP/M/RU/01,PUSCHINO,RU,3248001,54.18,158.02,303,Precipitation collectors - unknown,"[Partners: Institute of Volcanology, Russian Academy of Sciences; Water Problems Institute, Russian Academy of Sciences], [Reference: Karpov & Esikov 2005]",200002,Water - Precipitation - unspecified (not reported),2000-02-15,2000-02-01,2000-02-29,,-13.68,International Atomic Energy Agency,-129.75,International Atomic Energy Agency,,,,48,,
GNIP,GNIP/M/RU/01,PUSCHINO,RU,3248001,54.18,158.02,303,Precipitation collectors - unknown,"[Partners: Institute of Volcanology, Russian Academy of Sciences; Water Problems Institute, Russian Academy of Sciences], [Reference: Karpov & Esikov 2005]",200003,Water - Precipitation - unspecified (not reported),2000-03-15,2000-03-01,2000-03-31,,-15.04,International Atomic Energy Agency,-120.4,International Atomic Energy Agency,,,,71,,
GNIP,GNIP/M/RU/01,PUSCHINO,RU,3248001,54.18,158.02,303,Precipitation collectors - unknown,"[Partners: Institute of Volcanology, Russian Academy of Sciences; Water Problems Institute, Russian Academy of Sciences], [Reference: Karpov & Esikov 2005]",200004,Water - Precipitation - unspecified (not reported),2000-04-15,2000-04-01,2000-04-30,,,,,,,,,,,
GNIP,GNIP/M/RU/01,PUSCHINO,RU,3248001,54.18,158.02,303,Precipitation collectors - unknown,"[Partners: Institute of Volcanology, Russian Academy of Sciences; Water Problems Institute, Russian Academy of Sciences], [Reference: Karpov & Esikov 2005]",200005,Water - Precipitation - unspecified (not reported),2000-05-15,2000-05-01,2000-05-31,,,,,,,,,,,
GNIP,GNIP/M/RU/01,PUSCHINO,RU,3248001,54.18,158.02,303,Precipitation collectors - unknown,"[Partners: Institute of Volcanology, Russian Academy of Sciences; Water Problems Institute, Russian Academy of Sciences], [Reference: Karpov & Esikov 2005]",200006,Water - Precipitation - unspecified (not reported),2000-06-15,2000-06-01,2000-06-30,,,,,,,,,,,
GNIP,GNIP/M/RU/01,PUSCHINO,RU,3248001,54.18,158.02,303,Precipitation collectors - unknown,"[Partners: Institute of Volcanology, Russian Academy of Sciences; Water Problems Institute, Russian Academy of Sciences], [Reference: Karpov & Esikov 2005]",200007,Water - Precipitation - unspecified (not reported),2000-07-15,2000-07-01,2000-07-31,,,,,,,,,,,
GNIP,GNIP/M/RU/01,PUSCHINO,RU,3248001,54.18,158.02,303,Precipitation collectors - unknown,"[Partners: Institute of Volcanology, Russian Academy of Sciences; Water Problems Institute, Russian Academy of Sciences], [Reference: Karpov & Esikov 2005]",200008,Water - Precipitation - unspecified (not reported),2000-08-15,2000-08-01,2000-08-31,,,,,,,,,,,
GNIP,GNIP/M/RU/01,PUSCHINO,RU,3248001,54.18,158.02,303,Precipitation collectors - unknown,"[Partners: Institute of Volcanology, Russian Academy of Sciences; Water Problems Institute, Russian Academy of Sciences], [Reference: Karpov & Esikov 2005]",200009,Water - Precipitation - unspecified (not reported),2000-09-15,2000-09-01,2000-09-30,,,,,,,,,,,
GNIP,GNIP/M/RU/01,PUSCHINO,RU,3248001,54.18,158.02,303,Precipitation collectors - unknown,"[Partners: Institute of Volcanology, Russian Academy of Sciences; Water Problems Institute, Russian Academy of Sciences], [Reference: Karpov & Esikov 2005]",200010,Water - Precipitation - unspecified (not reported),2000-10-15,2000-10-01,2000-10-31,,,,,,,,,,,
GNIP,GNIP/M/RU/01,PUSCHINO,RU,3248001,54.18,158.02,303,Precipitation collectors - unknown,"[Partners: Institute of Volcanology, Russian Academy of Sciences; Water Problems Institute, Russian Academy of Sciences], [Reference: Karpov & Esikov 2005]",200011,Water - Precipitation - unspecified (not reported),2000-11-15,2000-11-01,2000-11-30,,,,,,,,,,,
GNIP,GNIP/M/RU/01,PUSCHINO,RU,3248001,54.18,158.02,303,Precipitation collectors - unknown,"[Partners: Institute of Volcanology, Russian Academy of Sciences; Water Problems Institute, Russian Academy of Sciences], [Reference: Karpov & Esikov 2005]",200012,Water - Precipitation - unspecified (not reported),2000-12-15,2000-12-01,2000-12-31,,,,,,,,,,,
